:020000040800F2
:10000000005000205D170008191500081B15000896
:100010001D1500081F15000821150008000000002C
:100020000000000000000000000000002315000890
:1000300025150008000000002715000829150008F4
:10004000A5170008A5170008A5170008A5170008A0
:10005000A5170008A5170008A5170008A517000890
:10006000A5170008A5170008A5170008A517000880
:10007000A5170008A5170008A5170008A517000870
:10008000A5170008A5170008A5170008A517000860
:10009000A5170008A5170008A5170008A517000850
:1000A000A5170008A5170008A5170008A517000840
:1000B000A5170008A517000831150008A5170008A6
:1000C000A5170008A5170008A5170008A517000820
:1000D000A5170008A5170008A5170008A517000810
:1000E000A5170008A5170008A517000800000000C4
:1000F0000000000000000000000000000000000000
:0C01000000000000000000005FF808F1A3
:1001100010B5054C237833B9044B13B10448AFF341
:1001200000800123237010BDC406002000000000E1
:100130001097000808B5034B1BB103490348AFF300
:10014000008008BD00000000C806002010970008CD
:1001500081F0004102E000BF83F0004330B54FEA78
:1001600041044FEA430594EA050F08BF90EA020FE5
:100170001FBF54EA000C55EA020C7FEA645C7FEA78
:10018000655C00F0E2804FEA5454D4EB5555B8BF9B
:100190006D420CDD2C4480EA020281EA030382EA0C
:1001A000000083EA010180EA020281EA0303362D9E
:1001B00088BF30BD11F0004F4FEA01314FF4801C71
:1001C0004CEA113102D0404261EB410113F0004F83
:1001D0004FEA03334CEA133302D0524263EB43033A
:1001E00094EA050F00F0A780A4F10104D5F1200ED8
:1001F0000DDB02FA0EFC22FA05F2801841F1000133
:1002000003FA0EF2801843FA05F359410EE0A5F106
:1002100020050EF1200E012A03FA0EFC28BF4CF037
:10022000020C43FA05F3C01851EBE37101F00045ED
:1002300007D54FF0000EDCF1000C7EEB00006EEBFA
:100240000101B1F5801F1BD3B1F5001F0CD3490884
:100250005FEA30004FEA3C0C04F101044FEA4452DB
:1002600012F5800F80F09A80BCF1004F08BF5FEA62
:10027000500C50F1000041EB045141EA050130BD42
:100280005FEA4C0C404141EB0101013C28BFB1F554
:10029000801FE9D291F0000F04BF01460020B1FA9F
:1002A00081F308BF2033A3F10B03B3F120020CDA72
:1002B0000C3208DD02F1140CC2F10C0201FA0CF050
:1002C00021FA02F10CE002F11402D8BFC2F1200CB5
:1002D00001FA02F120FA0CFCDCBF41EA0C0190406B
:1002E000E41AA2BF01EB0451294330BD6FEA0404B4
:1002F0001F3C1CDA0C340EDC04F11404C4F120029F
:1003000020FA04F001FA02F340EA030021FA04F3B0
:1003100045EA030130BDC4F10C04C4F1200220FA07
:1003200002F001FA04F340EA0300294630BD21FA45
:1003300004F0294630BD94F0000F83F4801306BF0B
:1003400081F480110134013D4EE77FEA645C18BFFF
:100350007FEA655C29D094EA050F08BF90EA020F96
:1003600005D054EA000C04BF1946104630BD91EA8E
:10037000030F1EBF0021002030BD5FEA545C05D191
:100380004000494128BF41F0004130BD14F58004D0
:100390003CBF01F5801130BD01F0004545F0FE4144
:1003A00041F470014FF0000030BD7FEA645C1ABF79
:1003B000194610467FEA655C1CBF0B46024650EAB0
:1003C000013406BF52EA033591EA030F41F40021DC
:1003D00030BD00BF90F0000F04BF0021704730B562
:1003E0004FF4806404F132044FF000054FF0000137
:1003F00050E700BF90F0000F04BF0021704730B5F8
:100400004FF4806404F1320410F0004548BF4042CC
:100410004FF000013EE700BF42004FEAE2014FEA21
:1004200031014FEA02701FBF12F07F4393F07F4FFC
:1004300081F06051704732F07F4208BF704793F0FF
:100440007F4F04BF41F40021704730B54FF4607412
:1004500001F0004521F000411CE700BF50EA010215
:1004600008BF704730B54FF000050AE050EA0102BE
:1004700008BF704730B511F0004502D5404261EB2E
:1004800041014FF4806404F132045FEA915C3FF46F
:10049000D8AE4FF003025FEADC0C18BF03325FEA0C
:1004A000DC0C18BF033202EBDC02C2F1200300FABD
:1004B00003FC20FA02F001FA03FE40EA0E0021FAE2
:1004C00002F11444BDE600BF80F0004002E000BF2E
:1004D00081F0004142001FBF5FEA410392EA030F2F
:1004E0007FEA226C7FEA236C6AD04FEA1262D2EB79
:1004F0001363C1BFD218414048404140B8BF5B427E
:10050000192B88BF704710F0004F40F4000020F016
:100510007F4018BF404211F0004F41F4000121F02C
:100520007F4118BF494292EA030F3FD0A2F1010276
:1005300041FA03FC10EB0C00C3F1200301FA03F1B4
:1005400000F0004302D5494260EB4000B0F5000FD7
:1005500013D3B0F1807F06D340084FEA310102F196
:100560000102FE2A51D2B1F1004F40EBC25008BF48
:1005700020F0010040EA03007047490040EB000012
:10058000013A28BFB0F5000FEDD2B0FA80FCACF113
:10059000080CB2EB0C0200FA0CF0AABF00EBC25040
:1005A00052421843BCBFD0401843704792F0000F2E
:1005B00081F4000106BF80F400000132013BB5E781
:1005C0004FEA41037FEA226C18BF7FEA236C21D0F7
:1005D00092EA030F04D092F0000F08BF084670475C
:1005E00090EA010F1CBF0020704712F07F4F04D12A
:1005F000400028BF40F00040704712F100723CBF3D
:1006000000F50000704700F0004343F0FE4040F466
:10061000000070477FEA226216BF08467FEA236324
:100620000146420206BF5FEA412390EA010F40F40F
:10063000800070474FF0000304E000BF10F000435B
:1006400048BF40425FEA000C08BF704743F0964342
:1006500001464FF000001CE050EA010208BF70475D
:100660004FF000030AE000BF50EA010208BF7047E4
:1006700011F0004302D5404261EB41015FEA010CF9
:1006800002BF84460146002043F0B64308BFA3F1F1
:100690008053A3F50003BCFA8CF2083AA3EBC253D3
:1006A00010DB01FA02FC634400FA02FCC2F12002F2
:1006B000BCF1004F20FA02F243EB020008BF20F029
:1006C0000100704702F1200201FA02FCC2F120028F
:1006D00050EA4C0021FA02F243EB020008BF20EA84
:1006E000DC7070474FF0FF0C1CEAD0521EBF1CEAB2
:1006F000D15392EA0C0F93EA0C0F6FD01A4480EAA0
:10070000010C400218BF5FEA41211ED04FF0006388
:1007100043EA501043EA5111A0FB01310CF00040B4
:10072000B1F5000F3EBF490041EAD3715B0040EADA
:10073000010062F17F02FD2A1DD8B3F1004F40EBAA
:10074000C25008BF20F00100704790F0000F0CF07D
:10075000004C08BF49024CEA502040EA51207F3A41
:10076000C2BFD2F1FF0340EAC250704740F400001C
:100770004FF00003013A5DDC12F1190FDCBF00F00D
:1007800000407047C2F10002410021FA02F1C2F1BB
:10079000200200FA02FC5FEA310040F1000053EA57
:1007A0004C0308BF20EADC70704792F0000F00F0A5
:1007B000004C02BF400010F4000F013AF9D040EAAB
:1007C0000C0093F0000F01F0004C02BF490011F43F
:1007D000000F013BF9D041EA0C018FE70CEAD1533D
:1007E00092EA0C0F18BF93EA0C0F0AD030F0004CBD
:1007F00018BF31F0004CD8D180EA010000F0004071
:10080000704790F0000F17BF90F0004F084691F02E
:10081000000F91F0004F14D092EA0C0F01D1420268
:100820000FD193EA0C0F03D14B0218BF084608D131
:1008300080EA010000F0004040F0FE4040F400007B
:10084000704740F0FE4040F4400070474FF0FF0C0E
:100850001CEAD0521EBF1CEAD15392EA0C0F93EA55
:100860000C0F69D0A2EB030280EA010C49024FEAA7
:10087000402037D04FF0805343EA111143EA101360
:100880000CF000408B4238BF5B0042F17D024FF418
:10089000000C8B4224BF5B1A40EA0C00B3EB510FF3
:1008A00024BFA3EB510340EA5C00B3EB910F24BFDC
:1008B000A3EB910340EA9C00B3EBD10F24BFA3EB61
:1008C000D10340EADC001B0118BF5FEA1C1CE0D129
:1008D000FD2A3FF650AF8B4240EBC25008BF20F0DC
:1008E000010070470CF0004C4CEA50207F32C2BF30
:1008F000D2F1FF0340EAC250704740F400004FF0CD
:100900000003013A37E792F0000F00F0004C02BFFD
:10091000400010F4000F013AF9D040EA0C0093F0C7
:10092000000F01F0004C02BF490011F4000F013B21
:10093000F9D041EA0C0195E70CEAD15392EA0C0F89
:1009400008D142027FF47DAF93EA0C0F7FF470AFC1
:10095000084676E793EA0C0F04D14B023FF44CAF04
:1009600008466EE730F0004C18BF31F0004CCAD199
:1009700030F000427FF45CAF31F000437FF43CAFD5
:100980005FE700BF844641EA000313F0030349D147
:10099000403A23D30B6803604B6843608B688360E5
:1009A000CB68C3600B6903614B6943618B698361E9
:1009B000CB69C3610B6A03624B6A43628B6A8362D1
:1009C000CB6AC3620B6B03634B6B43638B6B8363B9
:1009D000CB6BC36340304031403ADBD230320BD373
:1009E0000B6803604B6843608B688360CB68C360AF
:1009F00010301031103AF3D20C3205D351F8043BC9
:100A000040F8043B043AF9D2043208D0D2071CBFA4
:100A100011F8013B00F8013B01D30B8803806046CD
:100A2000704700BF082A13D38B07B1D010F003031F
:100A3000AED0C3F10403D21ADB071CBF11F8013B8F
:100A400000F8013BA4D331F8023B20F8023B9FE7BA
:100A5000043AD9D3013A11F8013B00F8013BF9D22D
:100A60000B7803704B7843708B78837060467047C7
:100A700070B54FF0FF0C4CF4E06C1CEA11541DBF34
:100A80001CEA135594EA0C0F95EA0C0F00F0DEF8FF
:100A90002C4481EA030621EA4C5123EA4C5350EAE4
:100AA000013518BF52EA033541F4801143F4801335
:100AB00038D0A0FB02CE4FF00005E1FB02E506F0C6
:100AC0000042E0FB03E54FF00006E1FB03569CF01B
:100AD000000F18BF4EF0010EA4F1FF04B6F5007F21
:100AE00064F5407404D25FEA4E0E6D4146EB060693
:100AF00042EAC62141EA55514FEAC52040EA5E501C
:100B00004FEACE2EB4F1FD0C88BFBCF5E06F1ED8C5
:100B1000BEF1004F08BF5FEA500E50F1000041EBFC
:100B2000045170BD06F0004646EA010140EA0200A9
:100B300081EA0301B4EB5C04C2BFD4EB0C0541EACB
:100B4000045170BD41F480114FF0000E013C00F3E0
:100B5000AB8014F1360FDEBF002001F0004170BD04
:100B6000C4F10004203C35DA0C341BDC04F114041D
:100B7000C4F1200500FA05F320FA04F001FA05F2A9
:100B800040EA020001F0004221F0004110EBD37076
:100B900021FA04F642EB06015EEA430E08BF20EAA2
:100BA000D37070BDC4F10C04C4F1200500FA04F345
:100BB00020FA05F001FA04F240EA020001F00041D7
:100BC00010EBD37041F100015EEA430E08BF20EA4A
:100BD000D37070BDC4F1200500FA05F24EEA020E92
:100BE00020FA04F301FA05F243EA020321FA04F0C1
:100BF00001F0004121FA04F220EA020000EBD37078
:100C00005EEA430E08BF20EAD37070BD94F0000F77
:100C10000FD101F00046400041EB010111F4801FAB
:100C200008BF013CF7D041EA060195F0000F18BF5C
:100C3000704703F00046520043EB030313F4801F98
:100C400008BF013DF7D043EA0603704794EA0C0F52
:100C50000CEA135518BF95EA0C0F0CD050EA410668
:100C600018BF52EA4306D1D181EA030101F00041E5
:100C70004FF0000070BD50EA410606BF104619460D
:100C800052EA430619D094EA0C0F02D150EA013619
:100C900013D195EA0C0F05D152EA03361CBF10465A
:100CA00019460AD181EA030101F0004141F0FE41F9
:100CB00041F470014FF0000070BD41F0FE4141F47D
:100CC000780170BD70B54FF0FF0C4CF4E06C1CEA7D
:100CD00011541DBF1CEA135594EA0C0F95EA0C0F32
:100CE00000F0A7F8A4EB050481EA030E52EA0335ED
:100CF0004FEA013100F088804FEA03334FF080550E
:100D000045EA131343EA12634FEA022245EA11153A
:100D100045EA10654FEA00260EF000419D4208BFEB
:100D2000964244F1FD0404F5407402D25B084FEA98
:100D30003202B61A65EB03055B084FEA32024FF444
:100D400080104FF4002CB6EB020E75EB030E22BFA1
:100D5000B61A754640EA0C005B084FEA3202B6EB61
:100D6000020E75EB030E22BFB61A754640EA5C0010
:100D70005B084FEA3202B6EB020E75EB030E22BFA0
:100D8000B61A754640EA9C005B084FEA3202B6EBA1
:100D9000020E75EB030E22BFB61A754640EADC0060
:100DA00055EA060E18D04FEA051545EA16754FEAC2
:100DB00006164FEAC30343EA52734FEAC2025FEAE0
:100DC0001C1CC0D111F4801F0BD141EA00014FF06F
:100DD00000004FF0004CB6E711F4801F04BF014340
:100DE0000020B4F1FD0C88BFBCF5E06F3FF6AFAE5C
:100DF000B5EB030C04BFB6EB020C5FEA500C50F1EC
:100E0000000041EB045170BD0EF0004E4EEA11316E
:100E100014EB5C04C2BFD4EB0C0541EA045170BD75
:100E200041F480114FF0000E013C90E645EA060EB9
:100E30008DE60CEA135594EA0C0F08BF95EA0C0FE7
:100E40003FF43BAF94EA0C0F0AD150EA01347FF42F
:100E500034AF95EA0C0F7FF425AF104619462CE706
:100E600095EA0C0F06D152EA03353FF4FDAE104669
:100E7000194622E750EA410618BF52EA43067FF4BA
:100E8000C5AE50EA41047FF40DAF52EA43057FF44A
:100E9000EBAE12E74FF0FF3C06E000BF4FF0010C55
:100EA00002E000BF4FF0010C4DF804CD4FEA410CB9
:100EB0007FEA6C5C4FEA430C18BF7FEA6C5C1BD086
:100EC00001B050EA410C0CBF52EA430C91EA030F07
:100ED00002BF90EA020F0020704710F1000F91EA64
:100EE000030F58BF994208BF90422CBFD8176FEA32
:100EF000E37040F0010070474FEA410C7FEA6C5C00
:100F000002D150EA013C07D14FEA430C7FEA6C5C06
:100F1000D6D152EA033CD3D05DF8040B704700BF32
:100F20008446104662468C461946634600E000BF80
:100F300001B5FFF7B7FF002848BF10F1000F01BD52
:100F40004DF808EDFFF7F4FF0CBF012000205DF81D
:100F500008FB00BF4DF808EDFFF7EAFF34BF0120A2
:100F600000205DF808FB00BF4DF808EDFFF7E0FF3B
:100F700094BF012000205DF808FB00BF4DF808ED8C
:100F8000FFF7CEFF94BF012000205DF808FB00BFF3
:100F90004DF808EDFFF7C4FF34BF012000205DF8D5
:100FA00008FB00BF4FEA410C7FEA6C5C02D150EABB
:100FB000013C0AD14FEA430C7FEA6C5C02D152EA51
:100FC000033C02D14FF0000070474FF00100704722
:100FD0004FEA410212F5001215D211D56FF4787361
:100FE000B3EB625212D94FEAC12343F0004343EA04
:100FF000505311F0004F23FA02F018BF40427047DF
:101000004FF00000704750EA013005D111F0004068
:1010100008BF6FF0004070474FF00000704700BFFE
:1010200010B582B000F07F008DF804008DF8051037
:10103000094C00221021204600F094FD4FF0FF33B0
:10104000022201A9054801F0A2F90122102120463F
:1010500000F088FD02B010BD00080140E406002049
:1010600010B584B060F07F008DF80C0000228DF880
:101070000D20ADF808200B4C1021204600F072FD29
:101080004FF0FF330093022302AA03A9064801F0A0
:1010900060FA01221021204600F064FD9DF809004D
:1010A00004B010BD00080140E406002008B500218E
:1010B0004E20FFF7B5FF0A2000F0C0FB7520FFF7B8
:1010C000CFFF422802D0472800D0FEE70F214E2054
:1010D000FFF7A6FF26214F20FFF7A2FF2621502071
:1010E000FFF79EFF03211620FFF79AFF642000F010
:1010F000A5FB08BD70B505460C461F20FFF7B0FFE5
:1011000006462020FFF7ACFF03B243EA0620288002
:101110002120FFF7A5FF06462220FFF7A1FF03B21B
:1011200043EA062068802320FFF79AFF0646242022
:10113000FFF796FF03B243EA0620A8802520FFF7B9
:101140008FFF05462620FFF78BFF03B243EA0520F9
:1011500020802720FFF784FF05462820FFF780FF27
:1011600003B243EA052060802920FFF779FF054696
:101170002A20FFF775FF03B243EA0520A08070BD67
:101180002DE9F04180460D4617461E4600240AE030
:1011900038F91400FFF752FA4FF06651FFF7A2FA40
:1011A00047F824000134022CF2DD002409E035F96F
:1011B0001400FFF743FA0549FFF748FB46F82400FF
:1011C0000134022CF3DDBDE8F08100BF333303426C
:1011D00010B51D20FFF744FF040224B21E20FFF7C4
:1011E0003FFF00B22043FFF729FA0349FFF72EFB28
:1011F0000249FFF76FF910BDE17A04430000C841CE
:101200002DE9F04389B004AD0024049405940694BC
:101210000794274B9A6942F010029A619A6902F08A
:1012200010020092009A9A6942F020029A619A692B
:1012300002F020020192019A9A6942F004029A6136
:101240009A6902F004020292029A9A6942F0080234
:101250009A619B6903F008030393039BDFF85490A2
:1012600022464FF40051484600F07CFC124E2246C4
:101270001021304600F076FC4FF4005304934FF0F9
:101280000108CDF81480069402270797294648469E
:1012900000F05EFB10230493CDF8148006940797AA
:1012A0002946304600F054FB09B0BDE8F08300BF8A
:1012B00000100240001001400008014000B583B05A
:1012C00001904FF0FF33012201A9034801F09BFD7B
:1012D000019803B000BD00BF8807002008B54FF497
:1012E0000051024800F044FC08BD00BF001001405E
:1012F0000268044B9A4200D07047034A13680133D6
:101300001360F9E700080040E006002072B6FEE72F
:1013100010B590B006AC28220021204601F024FF31
:1013200000230193029303930493059301220692F1
:101330004FF4803307930A9202220D920E934FF4DA
:10134000E0130F93204600F033FC78B90F2301938C
:1013500002210291002303934FF4806204920593CB
:1013600001A800F057FE18B910B010BDFFF7CEFF6E
:10137000FFF7CCFF70B596B000F03CFAFFF7C8FF5E
:10138000FFF73EFF00F048F800F090F900F038F960
:101390001F4801F035FAFFF789FEFFF79FFF0EAEF9
:1013A0000CAD31462846FFF7A5FEFFF711FF0446B6
:1013B00013AB10AA31462846FFF7E2FE2046FFF79E
:1013C0002BF804460D461598FFF726F8CDE90A01DB
:1013D0001498FFF721F8CDE908011398FFF71CF8DE
:1013E000CDE906011298FFF717F8CDE9040111982D
:1013F000FFF712F8CDE902011098FFF70DF8CDE9DB
:10140000000122462B46034801F052FEC5E700BF0B
:10141000400700202897000808B50E480E4B0360CF
:101420004FF48273436000238360C36003614361B0
:101430004FF4007282611022C261036243628362D0
:101440000A23C36200F048FF00B908BDFFF75EFF42
:10145000FBE700BFE40600200030014030B587B054
:10146000002302930393049305930268174B9A4257
:1014700001D007B030BD03F560439A6942F4805251
:101480009A619A6902F480520092009A9A6942F035
:1014900004029A619B6903F004030193019BA0235A
:1014A0000293022303930323059302AD084C2946BC
:1014B000204600F04DFA4023029300230393049347
:1014C0002946204600F044FAD3E700BF003001402F
:1014D0000008014082B00E4B9A6942F001029A6105
:1014E0009A6902F001020092009ADA6942F0805291
:1014F000DA61DB6903F080530193019B054A53686D
:1015000023F0E06343F00073536002B0704700BF04
:101510000010024000000140FEE7FEE7FEE7FEE7A4
:10152000FEE770477047704708B500F075F908BDD1
:1015300008B5024801F09AF908BD00BF4007002035
:101540000120704708B501F0B1FE162303604FF08B
:10155000FF3008BD08B54FF0FF31FFF7F3FFFEE79E
:1015600070B50C461646002506E0AFF30080214614
:1015700001F8010B01350C46B542F6DB304670BD73
:1015800070B50C461646002504E014F8010BFFF771
:1015900095FE0135B542F8DB304670BD4FF0FF30A7
:1015A00070474FF400534B60002070470120704794
:1015B0000020704710B503460C4A0D490D480068DD
:1015C00040B10C4800680344521A934206D8094AB5
:1015D000136010BD0748084C0460F2E701F066FE96
:1015E0000C2303604FF0FF30F3E700BF00500020F2
:1015F000000400003C070020E80A002070470000BB
:1016000000B587B0002302930393049305930093DE
:1016100001931548154A02604722426083604FF6E5
:10162000FF72C26003618023836101F011FA88B9FF
:101630004FF48053029302A90B4801F041FA60B9BC
:101640000023009301936946074801F0B9FA38B9BD
:1016500007B000BDFFF75AFEEAE7FFF757FEEFE7D6
:10166000FFF754FEF4E700BF4007002000080040E9
:1016700002680D4B9A4200D0704700B583B003F565
:101680000233DA6942F00402DA61DB6903F0040331
:101690000193019B002211461E2000F027F91E2015
:1016A00000F034F903B000BD0008004008B50A4856
:1016B0000A4B03604FF46123436000238360C360DF
:1016C00003610C2242618361C36101F06CFB00B9CC
:1016D00008BDFFF71BFEFBE788070020003801402C
:1016E00030B587B0002302930393049305930268F7
:1016F000184B9A4201D007B030BD03F558439A69A0
:1017000042F480429A619A6902F480420092009AFF
:101710009A6942F004029A619B6903F00403019301
:10172000019B4FF400730293022303930323059359
:1017300002AD094C2946204600F00AF94FF48063B7
:1017400002930023039304932946204600F000F9F6
:10175000D1E700BF0038014000080140FFF74EFF0D
:101760000B480C490C4A002302E0D458C4500433FF
:10177000C4188C42F9D3094A094C002301E01360D4
:101780000432A242FBD301F097FDFFF7F3FD70474F
:1017900000000020C4060020409B0008C406002072
:1017A000E80A0020FEE7000010B504460E4B18685A
:1017B0000E4B1A784FF47A73B3FBF2F3B0FBF3F0ED
:1017C00000F0B2F868B90F2C01D901200AE000221C
:1017D00021464FF0FF3000F089F8054B1C600020D7
:1017E00000E0012010BD00BF000000200400002028
:1017F0000800002008B5074A136843F0100313607F
:10180000032000F061F80020FFF7CEFFFFF762FE33
:10181000002008BD00200240034A1168034B1B78DA
:101820000B441360704700BFD00700200400002065
:10183000014B1868704700BFD007002038B5044638
:10184000FFF7F6FF0546B4F1FF3F02D0044B1B78CB
:101850001C44FFF7EDFF401BA042FAD338BD00BF88
:1018600004000020002808DB0901C9B200F1604033
:1018700000F5614080F80013704700F00F00090187
:10188000C9B2014B1954704714ED00E000B500F0E7
:101890000700C0F1070CBCF1040F28BF4FF0040C87
:1018A000031D062B0ED9C31E4FF0FF3E0EFA0CF09F
:1018B00021EA000199400EFA03FE22EA0E0241EAF3
:1018C000020000BD0023EFE7074AD36823F4E0637A
:1018D0001B041B0C000200F4E060034343F0BF63F1
:1018E00043F40033D360704700ED00E010B50446C8
:1018F000054BD868C0F30220FFF7C8FF0146204619
:10190000FFF7B0FF10BD00BF00ED00E0002807DBCF
:1019100000F01F02400901239340024A42F82030A0
:10192000704700BF00E100E00138B0F1807F0BD2CA
:101930004FF0E0235861054AF02182F8231000207F
:10194000986107221A6170470120704700ED00E09E
:1019500070B582B00024A4469EE07C4DAB4214D00A
:101960000CD8A5F58015AB420FD005F57025AB421C
:101970000BD0A5F58015AB421FD106E0744DAB42EC
:1019800003D005F58035AB4217D18B68A3B1012B8D
:101990000DD04261082410E0CC680EE0CC6804341D
:1019A0000BE0CC68083408E0CC680C3405E0026138
:1019B000082402E0002400E00424BEF1FF0F37D821
:1019C00006464FEA8C0233680F25954023EA05034B
:1019D00004FA02F2134333604B6813F0805F59D06E
:1019E0005C4B9A6942F001029A619B6903F0010322
:1019F0000193019B4FEA9C02951C574B53F82560BD
:101A00000CF00305AD000F23AB4026EA0306534B51
:101A1000984214D003F58063984279D003F580632F
:101A2000984277D003F58063984206D0042307E0FC
:101A3000061DACF108029200C5E7032300E0002375
:101A4000AB4033430232444D45F822304B6813F427
:101A5000801F61D0424A936843EA0E0393604B684B
:101A600013F4001F5ED03E4AD36843EA0E03D360EE
:101A70004B6813F4003F5BD0394A536843EA0E03C6
:101A800053604B6813F4803F58D0354A136843EADB
:101A90000E0313600CF1010C0B6833FA0CF253D0F7
:101AA000012202FA0CF203EA020E32EA0303F1D138
:101AB0004B68122B3FF651AF122B3FF67EAF01A5BC
:101AC00055F823F08B19000899190008A31900088C
:101AD000B5190008BB190008BB190008BB1900089C
:101AE000BB190008BB190008BB190008BB19000886
:101AF000BB190008BB190008BB190008BB19000876
:101B0000BB190008BB1900089D190008A919000895
:101B1000012395E7022393E7114A936823EA0E0312
:101B200093609CE70E4AD36823EA0E03D3609FE7D5
:101B30000B4A536823EA0E035360A2E7084A13686E
:101B400023EA0E031360A5E702B070BD0000221067
:101B50000000311000100240000001400008014068
:101B6000000401400AB10161704709040161704736
:101B7000C36801EA030221EA030141EA024101616B
:101B80007047000082B0084B1B68084AA2FB032381
:101B90005B0A00FB03F3019300BF019B5A1E0192F5
:101BA000002BF9D102B0704700000020D34D621025
:101BB000002800F0F18170B582B00446036813F08C
:101BC000010F2CD0994B5B6803F00C03042B1DD044
:101BD000964B5B6803F00C03082B12D06368B3F5D7
:101BE000803F41D0002B55D103F1804303F50433EE
:101BF0001A6822F480321A601A6822F480221A606D
:101C000037E08A4B5B6813F4803FE7D0874B1B6853
:101C100013F4003F03D06368002B00F0BF812368FA
:101C200013F0020F75D0814B5B6813F00C0F5FD07F
:101C30007E4B5B6803F00C03082B54D02369002B08
:101C400000F08A807A4B01221A60FFF7F1FD054609
:101C5000764B1B6813F0020F75D1FFF7E9FD401BAF
:101C60000228F5D903209EE1704A136843F48033BB
:101C70001360636843B3FFF7DBFD05466B4B1B68DE
:101C800013F4003FCBD1FFF7D3FD401B6428F5D9F7
:101C9000032088E1B3F5A02F09D0644B1A6822F421
:101CA00080321A601A6822F480221A60E1E703F198
:101CB0008043A3F53C331A6842F480221A601A6804
:101CC00042F480321A60D4E7FFF7B2FD0546574B65
:101CD0001B6813F4003FA2D0FFF7AAFD401B642845
:101CE000F5D903205FE1514B5B6813F4803FA5D128
:101CF0004E4B1B6813F0020F03D02369012B40F0F9
:101D00004F814A4A136823F0F803616943EAC1032B
:101D10001360236813F0080F33D0A369002B5CD045
:101D2000434B0122C3F88024FFF782FD05463F4B59
:101D30005B6A13F0020F21D1FFF77AFD401B0228E6
:101D4000F5D903202FE1394A136823F0F8036169BC
:101D500043EAC1031360DCE7354B00221A60FFF74A
:101D600067FD0546314B1B6813F0020FD1D0FFF71A
:101D70005FFD401B0228F5D9032014E10120FFF785
:101D800001FF236813F0040F00F09680274BDB69F6
:101D900013F0805F34D1254BDA6942F08052DA616A
:101DA000DB6903F080530193019B0125214B1B68E4
:101DB00013F4807F26D0E368012B3DD0002B53D154
:101DC00003F1804303F504331A6A22F001021A6218
:101DD0001A6A22F004021A6233E0154B0022C3F89B
:101DE0008024FFF725FD0546104B5B6A13F0020FB8
:101DF000C7D0FFF71DFD401B0228F5D90320D2E014
:101E00000025D3E70B4A136843F480731360FFF790
:101E10000FFD0646074B1B6813F4807FCBD1FFF7FD
:101E200007FD801B6428F5D90320BCE000100240A8
:101E300000004242007000405F4A136A43F0010311
:101E40001362E36833B3FFF7F3FC06465A4B1B6A91
:101E500013F0020F2FD1FFF7EBFC801B41F2883308
:101E60009842F3D903209EE0052B09D0524B1A6A01
:101E700022F001021A621A6A22F004021A62E0E7F2
:101E80004D4B1A6A42F004021A621A6A42F00102C9
:101E90001A62D6E7FFF7CCFC0646474B1B6A13F0E5
:101EA000020F08D0FFF7C4FC801B41F28833984230
:101EB000F3D9032077E0E5B9E369002B72D03E4AFD
:101EC000526802F00C02082A56D0022B17D03B4B66
:101ED00000221A66FFF7ACFC0446374B1B6813F070
:101EE000007F47D0FFF7A4FC001B0228F5D9032090
:101EF00059E0314AD36923F08053D361DCE72F4B9B
:101F000000221A66FFF794FC05462B4B1B6813F062
:101F1000007F06D0FFF78CFC401B0228F5D9032078
:101F200041E0236AB3F5803F1AD023494B6823F47C
:101F30007413226A606A024313434B601F4B0122F1
:101F40001A66FFF775FC04461B4B1B6813F0007FF5
:101F50000ED1FFF76DFC001B0228F5D9032022E00B
:101F6000154A536823F40033A1680B435360DCE740
:101F7000002018E0002016E0012B16D00E4B5B6805
:101F800003F48031226A914211D103F47013626A22
:101F900093420ED1002006E001207047012002E0AC
:101FA000012000E0002002B070BD0120FBE701200D
:101FB000F9E70120F7E700BF0010024000004242AD
:101FC0000F4B5B6803F00C02082A01D00D487047E4
:101FD000C3F383420C49885C13F4803F0BD0084B59
:101FE0005B68C3F34043094AD35C064A02FB00F036
:101FF000B0FBF3F07047064B03FB00F0704700BFE7
:102000000010024000127A00DC980008D8980008FE
:1020100000093D00002800F0A08070B50D46044680
:10202000524B1B6803F007038B420BD24F4A1368D5
:1020300023F007030B431360136803F007038B427D
:1020400040F08D80236813F0020F17D013F0040FB7
:1020500004D0474A536843F4E0635360236813F0A5
:10206000080F04D0424A536843F460535360404A17
:10207000536823F0F003A1680B435360236813F007
:10208000010F31D06368012B20D0022B25D0384AB4
:10209000126812F0020F64D035494A6822F0030238
:1020A00013434B60FFF7C4FB0646314B5B6803F0FC
:1020B0000C036268B3EB820F16D0FFF7B9FB801BED
:1020C00041F288339842F0D9032045E0284A12684B
:1020D00012F4003FE0D101203EE0254A126812F0E0
:1020E000007FD9D1012037E0204B1B6803F00703A4
:1020F000AB420AD91D4A136823F007032B43136030
:10210000136803F00703AB422DD1236813F0040FCB
:1021100006D0174A536823F4E063E1680B43536029
:10212000236813F0080F07D0114A536823F4605353
:10213000216943EAC1035360FFF742FF0C4B5B6820
:10214000C3F303130B4AD35CD8400B4B18600B4B03
:102150001868FFF729FB002070BD0120704701209F
:10216000FAE70120F8E70120F6E700BF002002406F
:1021700000100240C898000800000020080000205D
:10218000014B1868704700BF0000002008B5FFF73A
:10219000F7FF044B5B68C3F30223034AD35CD840C8
:1021A00008BD00BF00100240C098000808B5FFF746
:1021B000E7FF044B5B68C3F3C223034AD35CD840F8
:1021C00008BD00BF00100240C09800082DE9F0478C
:1021D00082B00546884617461E46FFF729FB0A9B34
:1021E0001B1A03EB0609FFF723FB8246284B1B68EB
:1021F000C3F3CB3309FB03F301932B689C6838EAE4
:1022000004040CBF01230023BB423DD0B6F1FF3FC5
:10221000F3D0FFF70DFBA0EB0A00484507D2019A67
:1022200002B14A46019B013B01939146E5E72A68CA
:10223000536823F0E00353606B68B3F5827F0BD0E3
:10224000AB6AB3F5005F14D0012385F85130002349
:1022500085F85030032018E0AB68B3F5004F02D08A
:10226000B3F5806FECD12A68136823F04003136044
:10227000E6E72A68136823F4005313602A6813689A
:1022800043F400531360DFE7002002B0BDE8F0879D
:102290000000002070B582B006460C46154600923C
:1022A0000B4601220221FFF791FF48B90095234612
:1022B000002280213046FFF789FF38B902B070BD97
:1022C000736D43F0200373650320F7E7736D43F0EC
:1022D000200373650320F1E7002856D010B50446AB
:1022E000436A33B94368B3F5827F05D00023C361E5
:1022F00002E00023036143610023A36294F851309C
:10230000002B3CD0022384F851302268136823F05C
:1023100040031360636803F48273A26802F404420A
:102320001343E26802F400621343226902F00202DE
:102330001343626902F001021343A26902F40072BE
:102340001343E26902F038021343226A02F080026A
:102350001343A26A02F40052216813430B60638B9B
:10236000226803F0040353602268D36923F40063F6
:10237000D36100206065012384F8513010BD84F8DA
:1023800050302046FFF76AF8BCE7012070472DE97E
:10239000F04383B00446894690461D46FFF748FA4D
:1023A00094F85130012B40F0CD800646DFB2B9F1F0
:1023B000000F00F0C880B8F1000F00F0C48094F85E
:1023C0005030012B00F0C380012384F850300323E8
:1023D00084F8513000236365C4F83090A4F8348049
:1023E000A4F83680A363A387E38763642364A368A8
:1023F000B3F5004F1ED023681A6812F0400F03D1C6
:102400001A6842F040021A60E368B3F5006F1CD00E
:10241000636813B1B8F1010F5FD1226B23681278A2
:102420001A73236B01332363E38E9BB2013B9BB290
:10243000E38652E02268136823F0400313602268A9
:10244000136843F480431360D5E7636813B1B8F1B0
:10245000010F15D1226B23681288DA60236B0233D7
:102460002363E38E9BB2013B9BB2E38608E0FFF758
:10247000DFF9801BA84202D3B5F1FF3F15D1A5B10A
:10248000E38E9BB2002B42D023689A6812F0020FB1
:10249000EDD0226B1288DA60236B02332363E38E64
:1024A0009BB2013B9BB2E386EAE7012384F85130FB
:1024B000002384F85030032745E0226B12781A730A
:1024C000236B01332363B4F836C01FFA8CFC0CF184
:1024D000FF3C1FFA8CFCA4F836C0E38E9BB2B3B16C
:1024E00023689A6812F0020FE7D1FFF7A1F9801B69
:1024F000A84202D3B5F1FF3F01D1002DEDD1012358
:1025000084F85130002384F8503003271BE0324612
:1025100029462046FFF7BEFE08B120236365A36865
:1025200033B901932368DA6801929B680193019B98
:10253000012384F85130002384F85030636D13B9BF
:10254000002700E00227384603B0BDE8F0830227E9
:10255000F9E72DE9F04383B00446884691461F46CB
:102560000A9DFFF765F9064694F851306268012B21
:102570000BD0D9B2B2F5827F40F00481A368002B62
:1025800040F00481042940F00381B8F1000F00F00D
:102590000181B9F1000F00F0FF80002F00F0FE80F4
:1025A00094F85030012B00F0FB80012384F8503068
:1025B00094F85130042B02D0052384F851300023C5
:1025C0006365C4F83890E787A787C4F83080E7864A
:1025D000A7862364636423681A6812F0400F03D14E
:1025E0001A6842F040021A60E368B3F5006F11D038
:1025F00063680BB1012F0BD1226B236812781A7319
:10260000236B01332363E38E9BB2013B9BB2E386D2
:10261000012771E063680BB1012F0BD1226B236896
:102620001288DA60236B02332363E38E9BB2013B93
:102630009BB2E38601271BE023689A6812F0010F22
:102640000ED0E28F92B25AB1DA68A36B1A80A36BF4
:102650000233A363E38F9BB2013B9BB2E387012765
:10266000FFF7E6F8801BA84202D3B5F1FF3F1ED169
:10267000E38E9BB21BB9E38F9BB2002B62D0236821
:102680009A6812F0020FD7D0E28E92B2002AD3D00D
:10269000002FD1D0226B1288DA60236B02332363C0
:1026A000E38E9BB2013B9BB2E3860027C4E7012384
:1026B00084F85130002384F85030032063E023680D
:1026C0009A6812F0010F0ED0E28F92B25AB1DA6816
:1026D000A36B1A70A36B0133A363E38F9BB2013B1F
:1026E0009BB2E3870127FFF7A3F8831BAB4202D31A
:1026F000B5F1FF3F1ED1EDB1E38E9BB213B9E38F6D
:102700009BB2FBB123689A6812F0020FD7D0E28E19
:1027100092B2002AD3D0002FD1D0226B12781A7334
:10272000236B01332363E38E9BB2013B9BB2E386B1
:102730000027C4E7012384F85130002384F8503087
:10274000032020E0324629462046FFF7A3FD90B93A
:10275000A36833B901932368DA6801929B680193F7
:10276000019B012384F85130002384F85030636DBD
:102770004BB1012007E020236365002384F850302B
:10278000012000E0022003B0BDE8F0830220FAE758
:102790000220F8E70120F6E70120F4E70120F2E744
:1027A0000220F0E710B4036A046A24F00104046212
:1027B000846924F0F00C4CEA021223F00A030B4364
:1027C0008261036210BC704710B4036A046A24F08B
:1027D00010040462846924F4704C4CEA023223F041
:1027E000A00343EA01138261036210BC704783684F
:1027F00023F070030B4343F007038360704700002E
:1028000090F83D30012B27D1022380F83D3002683B
:10281000D36843F00103D3600368114A934210D098
:10282000B3F1804F0DD0A2F59432934209D002F556
:102830008062934205D01A6842F001021A600020BB
:1028400070479A6802F00702062A07D01A6842F019
:1028500001021A6000207047012070470020704775
:10286000002C0140704770477047704770B50446B0
:102870000368DE681D6915F0020F10D016F0020F14
:102880000DD06FF002021A610123037703689B6980
:1028900013F0030F5ED0FFF7E6FF0023237715F058
:1028A000040F12D016F0040F0FD023686FF004024B
:1028B0001A610223237723689B6913F4407F4FD06A
:1028C0002046FFF7D0FF0023237715F0080F12D022
:1028D00016F0080F0FD023686FF008021A61042366
:1028E00023772368DB6913F0030F40D02046FFF7FE
:1028F000BAFF0023237715F0100F12D016F0100F37
:102900000FD023686FF010021A6108232377236821
:10291000DB6913F4407F31D02046FFF7A4FF00238A
:10292000237715F0010F02D016F0010F2DD115F00D
:10293000800F02D016F0800F2FD115F0400F02D07B
:1029400016F0400F31D115F0200F02D016F0200FF5
:1029500033D170BDFFF786FF2046FFF785FF9CE768
:102960002046FFF77FFF2046FFF77EFFABE72046BC
:10297000FFF778FF2046FFF777FFBAE72046FFF71B
:1029800071FF2046FFF770FFC9E723686FF001026F
:102990001A612046FEF7ACFCC9E723686FF080029D
:1029A0001A61204600F043F9C7E723686FF0400240
:1029B0001A612046FFF759FFC5E723686FF0200230
:1029C0001A61204600F032F9C3E7000003681F4A8D
:1029D00090420AD0B0F1804F07D0A2F594329042D5
:1029E00003D002F58062904203D123F070034A685D
:1029F0001343164A90420AD0B0F1804F07D0A2F597
:102A00009432904203D002F58062904203D123F4C5
:102A10004073CA68134323F080034A691343036079
:102A20008B68C3620B688362084B98420AD001230B
:102A30004361036913F0010F03D0036923F001031D
:102A4000036170470B690363F1E700BF002C01408D
:102A500040B310B5044690F83D30F3B1022384F83A
:102A60003D30214651F8040BFFF7B0FF012384F8F5
:102A7000463084F83E3084F83F3084F8403084F8A3
:102A8000413084F8423084F8433084F8443084F88C
:102A9000453084F83D30002010BD80F83C30FEF712
:102AA000E7FDDBE70120704710B4846824F47F4C15
:102AB00042EA03220A4342EA0C02826010BC7047D9
:102AC00090F83C30012B78D010B50446012380F8F3
:102AD0003C30022380F83D300268936823F47F4342
:102AE00023F0770393600B68602B4CD023D8402BE6
:102AF00054D011D8202B03D00AD80BB1102B05D1FC
:102B000019462068FFF773FE002028E0012026E028
:102B1000302BF5D0012022E0502B0AD1CA68496839
:102B20000068FFF73FFE50212068FFF760FE00209D
:102B300015E0012013E0B3F5805F3AD0B3F5005FF4
:102B400014D0702B37D1CB684A6889680068FFF7CA
:102B5000ABFF2268936843F0770393600020012362
:102B600084F83D30002384F83C3010BDCB684A68BF
:102B700089680068FFF798FF2268936843F48043F0
:102B800093600020EBE7CA6849680068FFF71CFE05
:102B900060212068FFF72BFE0020E0E7CA68496843
:102BA0000068FFF7FFFD40212068FFF720FE0020AE
:102BB000D5E70020D3E70120D1E7022070470000CD
:102BC00090F83C20012A2CD010B40346012280F852
:102BD0003C20022280F83D2002685068946820F072
:102BE000700C086840EA0C0050601A680E48824277
:102BF0000AD0B2F1804F07D0A0F59430824203D0C2
:102C000000F58060824204D124F0800449682143A9
:102C10009160012283F83D20002083F83C0010BC25
:102C200070470220704700BF002C0140704770477A
:102C3000026802F10C0353E8003F23F490730C3256
:102C400042E800310029F3D1026802F1140353E88D
:102C5000003F23F00103143242E800310029F3D190
:102C6000036B012B05D0202380F84230002303633F
:102C70007047026802F10C0353E8003F23F0100391
:102C80000C3242E800310029F3D1ECE710B50446DC
:102C90000268136923F44053C1680B4313618368CE
:102CA0000269134342691A430168CB6823F4B053A5
:102CB00023F00C031343CB600268536923F4407381
:102CC00081690B4353610268134B9A4220D0FFF78E
:102CD0005DFA024602EB820202EB820263689B000D
:102CE000B2FBF3F20D48A0FB02314909642303FB58
:102CF00011231B013233A0FB03035B0903F0F00235
:102D000002EB011203F00F03216813448B6010BD26
:102D1000FFF74CFA0246DDE7003801401F85EB5112
:102D20002DE9F04383B005460E4617469946DDF877
:102D300028802B681C6836EA04040CBF0124002498
:102D4000BC4228D1B8F1FF3FF3D0FEF771FDA0EBF4
:102D50000900404523D8B8F1000F22D02B68DA686B
:102D600012F0040FE5D0802EE3D0402EE1D01A6897
:102D700012F0080FDDD0002401941A6801925B68FC
:102D80000193019B2846FFF753FF08236B6485F8E6
:102D90004040012000E0002003B0BDE8F0830320A4
:102DA000FAE70320F8E760B310B5044690F8413025
:102DB00013B3242384F841302268D36823F40053EA
:102DC000D3602046FFF762FF2268136923F4904323
:102DD00013612268536923F02A0353612268D36880
:102DE00043F40053D36000206064202384F8413012
:102DF00084F84230606310BD80F84030FEF770FC0C
:102E0000D7E7012070472DE9F04182B01E4690F8C7
:102E10004130202B56D104460D469046002955D00E
:102E20000AB901204FE000234364212380F8413098
:102E3000FEF7FEFC0746A4F82480A4F82680A368C9
:102E4000B3F5805F02D04FF0000814E023692BB384
:102E50004FF000080FE0202384F84130032032E0D7
:102E600038F8023B2268C3F308035360E28C92B245
:102E7000013A92B2E284E38C9BB293B100963B4656
:102E8000002280212046FFF74BFF0028E3D1002DD0
:102E9000E6D015F8012B23685A60E7E7A84600251D
:102EA000E9E700963B46002240212046FFF738FF25
:102EB00018B9202384F8413005E0202384F84130FC
:102EC000032000E0022002B0BDE8F0810120FAE713
:102ED000024A0349034800F0C9B800BF0C000020B3
:102EE0009D5D0008200000200C4B416810B5994200
:102EF000044601D002F052FFA168094B994202D06A
:102F0000204602F04BFFE168064B994204D0204670
:102F1000BDE8104002F042BF10BD00BFD407002042
:102F20003C080020A40800202DE9F84300250423D4
:102F3000304C314A3149DFF8C890DFF8C880324F51
:102F4000324E116004F15C0029460822C4E90335C1
:102F5000C4E90055C4E90555A560656600F004F9AB
:102F600004F15800C4E90749C4E90987E66200F0A2
:102F7000CBF9274B2946082204F1C4006367C4E952
:102F80001A55C4E91E552567C4F8CC50C4F88050C2
:102F900000F0EAF804F1680304F1C000C4F88430DA
:102FA000C4E92298C4E9247600F0AEF9194B294609
:102FB00004F596700822C4F8DC30C4E93455C4E93D
:102FC0003855C4F8D850C4F83451C4F8E85000F06B
:102FD000CBF804F1D003C4E93D87C4F8F09004F5C0
:102FE0009470C4F8FC60C4F8EC30BDE8F84300F01D
:102FF0008BB900BFD40700200C090020D12E000897
:10300000D9300008FD3000083D310008613100086A
:10301000090001001200020010B504460A4800F041
:1030200077F9636B23B9094B094A1B68626323B1C3
:10303000BDE81040044800F06DB9FFF775FFBDE82A
:103040001040014800F066B91C0900200C0900205E
:10305000E92E0008014800F05BB900BF1C09002000
:10306000014800F057B900BF1C0900202DE9F843C2
:103070004FF0000980460F461646D6E90154013D3F
:1030800010D4A389012B08D9B4F90E30013304D030
:1030900021464046B84749EA0009013D6B1C04F14E
:1030A0006804EED13668002EE7D14846BDE8F883C3
:1030B0000FB400B5074A83B004AB106853F8042B73
:1030C0008168019300F052FD03B05DF804EB04B099
:1030D000704700BF1800002010B50C46B1F90E1063
:1030E00000F0B8F8002803DB236D0344236510BD0E
:1030F000A38923F48053A38110BD00BF2DE9F041C3
:103100000C46B1F90C101F46CB05054616460BD4EC
:1031100021F48051A1813B4632462846B4F90E1075
:10312000BDE8F04100F0ACB8B4F90E100223002263
:1031300000F07AF8B4F90C10EAE700BF10B50C46BD
:10314000B1F90E1000F070F8B4F90C30421C0EBF4B
:1031500023F4805343F480532065A38110BD00BF46
:10316000B1F90E1000F04EB8830730B546D0844652
:10317000841805E0634603F8011B9D0703D09C46B5
:10318000A445F7D130BD013A0244A2EB0C02032A58
:1031900029D9CCB204EB04240F2A04EB04442FD920
:1031A000A2F1100C2CF00F0C03F11005AC44C3E994
:1031B0000044C3E9024410336345F8D112F00C0F08
:1031C00002F00F0E18D01A462EF0030C9C44AEF1FC
:1031D000040542F8044B6245FBD125F00304043397
:1031E0000EF003022344002ACCD0C9B21A4403F8DB
:1031F000011B9342FBD130BD7246F4E70346C6E79C
:103200009646E0E7002238B5064D044608462A6097
:10321000FEF7C4F9431C00D038BD2B68002BFBD04F
:10322000236038BD1009002038B50C461146002235
:103230008446074D20462A601A466446FEF7B8F9D0
:10324000431C00D038BD2B68002BFBD0236038BD59
:103250001009002038B50C46114600228446074D5F
:1032600020462A601A466446FEF77AF9431C00D0CD
:1032700038BD2B68002BFBD0236038BD100900201F
:1032800038B50C46114600228446074D20462A6078
:103290001A466446FEF774F9431C00D038BD2B680B
:1032A000002BFBD0236038BD10090020014B1868AB
:1032B000704700BF1800002070B50F4B0F4DAB4298
:1032C000A3EB050607D00024B61055F8043B0134E3
:1032D0009847A642F9D806F01BFA094D094B5E1B28
:1032E000AB424FEAA60606D0002455F8043B013451
:1032F0009847A642F9D870BD349B0008349B00085B
:10330000349B00083C9B0008704700BF704700BF1B
:10331000704700BF704700BF024B13B1024800F076
:1033200005B87047000000007565000800230146DD
:103330001A46184603F0E4B92DE9F843064608207A
:10334000894603F02BF90546DFF89880304600F0F7
:1033500001FCD8F808305F6827F00307A7F11104D3
:10336000A4EB09042C44B4FBF5F4013C05FB04F484
:10337000A54208DC0021304603F0EAF8D8F808300E
:103380003B44984205D0304600F0EAFB0020BDE8FF
:10339000F8833046614203F0DBF801300FD0124A67
:1033A000D8F808303F1B47F001075F6013683046CC
:1033B0001B1B136000F0D4FB0120BDE8F883002143
:1033C000304603F0C5F8D8F80820831A0F2BDADD51
:1033D00043F001035360054B03491B68C01A0860A2
:1033E000D1E700BF50010020240900204401002043
:1033F00000295AD0F8B50C46074600F0ABFB54F84C
:1034000004CC724DA4F108022CF00103D118A86875
:103410004E68884226F003060CF0010E7CD04E6008
:103420008819406800F00100BEF1000F2ED154F859
:10343000084C05F1080C121B23449468644560D0C5
:10344000D2F80CE0C4F80CE0CEF8084000287DD09B
:1034500043F0010050600B60B3F5007F2ED2580995
:10346000D908012383406868013103436B6055F834
:10347000310005EBC103083BC2E9020345F83120E6
:10348000C2603846BDE8F84000F06ABB70B933440A
:1034900005F1080C886843F0010460456ED0C968E6
:1034A000C16088605460D350D6E770474CF001018A
:1034B000B3F5007F44F8041CD350D0D3B3F5206F8C
:1034C0004FEA532144D2990901F1390001F138043E
:1034D000C100681869580838884203D155E08968E6
:1034E000884204D04C6824F003049C42F7D8C86892
:1034F000C2E9021082603846BDE8F840CA6000F0B8
:103500002FBB80BB1E44D1E90213CB60996046F00B
:10351000010353609651B4E71E44BEF1000F07D17A
:1035200054F8083CD21A1E44D2E90213CB609960C9
:1035300046F001035360264BAA601B68B342A0D833
:10354000244B38461968FFF7F7FE9AE73344A1E7A2
:1035500014290DD954291FD8190B01F16F0001F15D
:103560006E04C100B5E743F0010050600B6088E7CE
:1035700001F15C0001F15B04C100AAE7C5E9042286
:10358000C2E902CC5460D3507BE70123A410A340CE
:103590006C6823436B60ABE7B1F5AA7F06D8D90B03
:1035A00001F1780001F17704C10092E740F2545034
:1035B000814206D8990C01F17D0001F17C04C10023
:1035C00087E74FF47E717E2483E700BF500100201F
:1035D00048010020540900202DE9F04F01F10B05AE
:1035E000162D064683B024D8102900F2AE8000F0D4
:1035F000B1FA102518234FF0020CC04F3B445C6811
:10360000A3F10802944200F05F8130466368E268EB
:10361000A16823F00303CA60234491605A68083408
:1036200042F001025A6000F09BFA204603B0BDE868
:10363000F08F35F0070500F18880A94200F28580FF
:1036400000F088FAB5F5FC7FC0F0B1816B0A00F09C
:103650008380042B00F26E81AB0903F1390C03F176
:10366000380E4FEACC00A54F384444680838A042D1
:1036700007D10DE0002AE16880F22081884207D05E
:103680000C46636823F003035A1B0F2AF2DDF4464D
:10369000DFF86C823C69444500F0FD80636823F0EC
:1036A0000309A9EB05030F2B00F38681002BC7E963
:1036B000048880F27081B9F5007FD7F804E080F0CB
:1036C0000A8101234FEAD9014FEA5919194403FA33
:1036D00009F357F831204EEA030E07EBC103083B0C
:1036E000A260E360C7F804E047F83140D4600120ED
:1036F0004FEAAC039840704535D810EA0E0F07D159
:103700002CF0030C400010EA0E0F0CF1040CF9D061
:1037100007EBCC0AD646E146DEF80C300BE05968E0
:103720001C4621F003014A1B0F2ADB6800F30F81BE
:10373000002A80F223819E45F1D109F1010919F097
:10374000030F0EF1080EE7D160E10C233360002473
:10375000204603B0BDE8F08F4FF400704FF0400CEE
:103760004FF03F0E7FE7BC68636823F00309A9456B
:1037700004D3A9EB05030F2B00F39080614B0820C5
:103780001B6803F1100804EB0903009302F006FF25
:103790005D4A83461368A844013305D008F1FF3819
:1037A0008044434203EA08084146304602F0D0FE16
:1037B000B0F1FF3F8246544A00F0198104EB09033F
:1037C000834200F21281514B0BF1FF3C18684044D8
:1037D000186000F068811168013100F0708104EB1D
:1037E0000902AAEB020202441A601AF00702CDE9AC
:1037F000002300F02A81C2F108029244D04408EA72
:103800000C015A44521A02EA0C0B5946304602F097
:103810009FFE421C019B00F06F81A0EB0A0000EBB1
:103820000B08186848F001025844BC42C7F808A0C9
:103830001860CAF8042017D0B9F10F0F40F2428186
:103840004FF0050C6168A9F10C0222F0070201F0AB
:103850000101114361600F2A04EB0201C1E901CCAF
:1038600000F25281DAF804205446294B196881424B
:1038700038BF1860274B1968814238BF186022F0A2
:103880000308A845A8EB050301D30F2B06DC30463F
:1038900000F066F95BE7D7F804E028E7621943F027
:1038A000010345F0010565603046BA600834536095
:1038B00000F056F9204603B0BDE8F08FA26830460C
:1038C000D16023448A60A9E6DC68A3427FF49DAE00
:1038D0000CF1020CDCE6B9F5206F4FEA59227DD3DA
:1038E000142A00F2C58002F15C03DB005B32F91898
:1038F000FB580839994212D19EE000BF50010020C8
:10390000580100205409002044010020240900200F
:10391000500900204C0900209B68994204D05A6845
:1039200022F003024A45F7D8D968C4E902318C6015
:10393000DC60DCE6142B5DD9542B00F2A2802B0B4B
:1039400003F16F0C03F16E0E4FEACC008BE6D4F856
:1039500008C03046661945F001056560CCF80C30AA
:10396000C3F808C042F00103C7E90466C6E902884B
:103970007360625000F0F4F80834E9E621444A68C4
:10398000304642F001024A6054F8082FD3609A6032
:1039900000F0E6F8DCE6A144D9F80430304643F004
:1039A0000103C9F8043000F0DBF80834D0E64FEA30
:1039B000D50C05F1080320E6621943F0010145F03A
:1039C000010565603046C7E90422C2E902885160FA
:1039D00044F8093000F0C4F80834B9E64FEA991207
:1039E00002F13903DB00383281E7BC4254D0BC68B5
:1039F000626844E703F15C0C03F15B0E4FEACC0014
:103A000031E65AF80839534540F09F801CF0030F07
:103A10000CF1FF3CF5D17B6823EA00037B6040009A
:103A200098423FF6A0AE18B99DE6400009F104099E
:103A30001842FAD0CC466BE60120921000FA02F24E
:103A40004EEA020EC7F804E06FE70AEB080202EA4A
:103A50000C02ABEB020202EA0C0B5946304602F0B4
:103A600077FD431C019B7FF4D8AEDDF800B0D8E6AB
:103A7000542A2BD84FEA193202F16F03DB006E3261
:103A800035E7B3F5AA7F2BD8EB0B03F1780C03F1E4
:103A9000770E4FEACC00E6E52D4B0BF1FF3C1868A2
:103AA0004044186097E61AEA0C0F7FF494AED7F8FA
:103AB00008A0C84448F00102CAF80420D4E6C2F8BD
:103AC00000A092E60123CAF80430E0E6B2F5AA7F2E
:103AD00025D84FEAD93202F17803DB00773206E7C6
:103AE00040F25452934225D8AB0C03F17D0C03F104
:103AF0007C0E4FEACC00B6E5009A4FF0000B083A76
:103B00009044A8EB0A088CE6304604F108010093C3
:103B1000FFF76EFC009BD7F808A01868A2E640F2F9
:103B200054539A420DD84FEA994202F17D03DB00CB
:103B30007C32DCE64FF47E704FF07F0C4FF07E0E4F
:103B400091E54FF47E737E22D1E67B6867E700BF84
:103B5000240900200148FFF7DBBB00BF1409002047
:103B60000148FFF7D7BB00BF140900202DE9F04F33
:103B7000D7B01C469246CDE909100E93054602F0D7
:103B8000E3FC02681046189202F056FD17901DB132
:103B90006B6B002B01F0A781099B5A6EB3F90C30B7
:103BA000D00740F1BE85990400F15F87099943F47D
:103BB000005322F400528B814A661BB21D0740F16C
:103BC0008C85099A1269002A00F0878503F01A0291
:103BD0000A2A00F0918500232DAA19461446CDE942
:103BE0002B332A92129300220023CDF818A0CDE99E
:103BF0001423069BCDE91B111B7819911A910C9186
:103C0000002B00F0F780069E04E016F8013F002B21
:103C100000F07B84252BF8D1069BF51A40F07984BF
:103C20003378002B00F0E68000234FF0FF329B46F4
:103C300096F801A00892751C8DF88B300B93013516
:103C4000AAF120035A2B5CD8DFE813F0E6025B00F0
:103C50005B00E1025B005B005B00C2025B005B009B
:103C60002D019A025B009502A5025B00A002DB0019
:103C7000DB00DB00DB00DB00DB00DB00DB00DB006C
:103C80005B005B005B005B005B005B005B00EA00CD
:103C90005B006F01F102EA00EA00EA005B005B00F2
:103CA0005B005B000A045B005B00BB035B005B0026
:103CB0005B003D015B0058025B005B0001085B009C
:103CC0005B005B005B005B005B005B005B00EA008D
:103CD0005B006F012F02EA00EA00EA0084032F0272
:103CE00038015B00AE035B0050043C041004380153
:103CF0005B003D01350191035B005B0077085B00D1
:103D000035010F95BAF1000F74D000230127CDE9DA
:103D100007733DAA8DF8F4A006928DF88B300D93B1
:103D20001693139310932C9D1BF08403294600F0E7
:103D300016819DF88B20FAB14FF000082B980122D4
:103D400001300135626007280DF18B02CDE92B05AA
:103D5000226000F3F7840834B8F1000F0CD02B98E0
:103D60000222013002356260072823AACDE92B0523
:103D7000226000F3F5840834802B00F0DC83089B7C
:103D8000A3EB0708B8F1000F00F3FD801BF4807F60
:103D900040F03781069B3D4423602B9B67600133D5
:103DA000072B2C952B9300F3338408341BF0040F5E
:103DB00005D00B9B079A9F1A002F00F3DF84DDE9E3
:103DC0000B2307998A42ACBF9B185B180C93002DFC
:103DD00040F0F68300232B930D9B1BB10D990A989D
:103DE000FFF706FB2DAC0F9B0693069B1B78002B61
:103DF0007FF409AF2C9B002B41F0908200232B9382
:103E0000ECE30022AAF1300315F801AB02EB8202C9
:103E100003EB4202AAF13003092BF5D90B920FE70D
:103E20000E9B4FF0FF32073323F00703F3E80267DE
:103E30000E9327F0004321932096DDE92089AA4BB9
:103E400040464946CDE914670F95FDF7ABF80028C9
:103E500040F0A2864FF0FF3240464946A24BFDF7A4
:103E600083F80546002840F097860022002330465C
:103E700039462BF0800BFDF76DF8002841F02A83BE
:103E8000BAF1470FCCBF994A994A9DF88B300692F8
:103E9000002B41F0608603270D930893169313932C
:103EA000109307973FE70E9B53F8042B002A0B92C1
:103EB0000E93C0F25D8195F800A0C0E695F800A0D1
:103EC0004BF0200BBBE64FF000080F950E9D8DF8D0
:103ED0008B8055F8043B0693002B00F06487089B09
:103EE000002BC0F26F87069E1A464146304602F00C
:103EF00063FB9DF88B300D90002801F0C584871B73
:103F000027EAE7720792002B00F068871346013317
:103F1000CDF820800E950793CDF83480CDF85880E9
:103F2000CDF84C80CDF84080FDE600223DA9012768
:103F3000069111460E9B8DF88B200D9253F8042BA1
:103F40000F952C9D0E931BF08403089116911391ED
:103F500010918DF8F420294607977FF4EAAE0B9A6A
:103F60000798A2EB0008B8F1000F00F3F0849DF869
:103F70008B20002A7FF4E0AE089BA3EB0708B8F182
:103F8000000F7FF703AFB8F1100F2B9A594E28DDC1
:103F900023462946DDE909544FF0100906E0A8F14F
:103FA0001008B8F1100F03F1080318DD0132514871
:103FB0001031072AC3E90009CDE92B21EFDD29469D
:103FC00020462AAA01F0DAFE002840F00183DDE94C
:103FD0002B21A8F11008B8F1100F2DABE6DC1C4620
:103FE0000D4601324544072ACDE92B252660C4F849
:103FF000048000F32E851BF4807F04F108043FF455
:10400000C9AEBAF1650F40F30E83DDE91401002259
:104010000023FCF795FF002800F0FE830123636076
:104020002B9B354A01330135072B2C952B932260AE
:1040300000F368870834249B129A934280F2198512
:10404000179B189A1D44C4E900232B9B2C95013320
:10405000072B2B9300F39B860834129B5F1E002FC7
:104060007FF7A4AE102F2B9B40F3C882DDE909A98E
:104070004FF010081F4E04E00834103F102F40F39B
:10408000BE8201331035072BC4E90068CDE92B351A
:10409000F2DD514648462AAA01F070FE002840F0A1
:1040A0009782DDE92B352DACE7E71BF0200F0F954C
:1040B00000F054850E9B073323F007031A465B6814
:1040C00052F8085B98460E92002BC0F2C380089A03
:1040D000002A2CDB55EA08032BF0800B27D1002A9D
:1040E00000F0D28730232AE0FFFFEF7F58970008C7
:1040F00054970008EC980008949700081BF0200FD4
:104100000F954BF0100100F002850E9B073323F052
:1041100007031A46D3F8048000238DF88B30089BE0
:1041200052F8085B002B0E9280F2A9848B460A2D70
:1041300078F1000380F09F8005F13003DBB28DF849
:104140005731089B0127012BB8BF01230DF25712ED
:1041500007939DF88B300692002B01F09E85079BFC
:104160000133079300230D93169313931093DAE50D
:104170000B9B5B420B9395F800A04BF0040B5EE5A4
:104180002B2395F800A08DF88B3058E595F800A00A
:104190004BF0800B53E5294611F801ABBAF12A0F19
:1041A00001F06085AAF13003092B98BF002201F2CB
:1041B0007A8311F801AB02EB820203EB4202AAF10F
:1041C0003003092BF5D942EAE2730D46089337E52F
:1041D0000A9F384602F0B8F9436818461A9302F06D
:1041E0002BFA1C900646384602F0AEF9826895F824
:1041F00000A01B92002E3FF422AD002A3FF41FAD19
:104200001378002B3FF41BAD4BF4806B17E595F84A
:1042100000A04BF0010B12E59DF88B3095F800A043
:10422000002B7FF40CAD20238DF88B3007E51BF0BD
:10423000200F0F954BF0100340F0A5840E9A043226
:104240000E999B460D680E924FEAE5784346002B87
:10425000BFF63DAF2D238DF88B30089B6D4268EB88
:104260004808002BFFF663AF0A2D78F100032BF00E
:10427000800BFFF461AFCDE9064A0027DFF8E0923A
:10428000DDF86CA056A90BF4806624E015EB08035A
:1042900043F10003A9FB032020F0030202EB90028C
:1042A0009B1A4FF0CC32AE464446EB1A02FB03F2A7
:1042B00068F1000809FB0822A3FB0953BEF10A0FAD
:1042C00013444FEA550574F10004614645EAC3758D
:1042D0004FEA53082BD315EB080343F10003A9FB66
:1042E000032020F0030202EB90029B1AEB1AA3FBBF
:1042F000093268F1000009FB00225B0843EAC2733F
:1043000003EB8303A5EB43033033013701F1FF3C9B
:1043100001F8013C002EB9D09AF80030BB42B5D16B
:10432000FF2FB3D00A2D78F1000381F08980624617
:1043300056AB12979F1A089B069CBB42B8BF3B46E0
:10434000CDF86CA0CDF818C0DDF81CA007939DF83F
:104350008B3001E795F800A0BAF1680F03BF95F81C
:1043600001A04BF4007B01354BF0400B67E41BF0E0
:10437000200F0F9540F004840E9A1BF0100852F89D
:10438000043B41F0B9821BF0400100F049869DB228
:10439000089B8DF88B80002B04DB2BF0800B002D0D
:1043A00000F0C7830E92C2E695F800A0BAF16C0F38
:1043B00003BF95F801A04BF0200B01354BF0100B1B
:1043C0003DE41BF0200F0F954BF0100000F0BF8371
:1043D0000E9B073323F007031A46596852F8083B2F
:1043E0000E9200228DF88B20089A002A17DB53EAE0
:1043F000010220F4906B14D1089A92B910F00107D1
:10440000079700F0518530238DF85731089B16939C
:10441000139310930D930DF25713069383E420F436
:10442000806B56AD03F00702DB0843EA4173C9080D
:10443000303253EA0106284605F8012DF2D11BF06F
:1044400001010695109140F0C58256AB5F1B089B99
:104450001691BB42B8BF3B46139107930D9162E49E
:1044600095F800A04BF0080BFFF7E9BB002147F6D9
:1044700030030E98089E50F8042B8E42ADF88C3015
:104480000F9513468DF88B10C0F25A842BF08005DF
:1044900045F0020B002A40F05185002E00F04186C5
:1044A00030238DF857310DF25713944601274FF002
:1044B000780A0E90079616920D9213921092069318
:1044C00000F01FBC1BF0200F0F9540F01E830E9ACA
:1044D0001BF0100152F8043B41F011821BF0400028
:1044E00000F0BA8558460E929BB27AE70E9A1BF0FE
:1044F000200F0F9502F1040300F0F68212680C9968
:104500001160C91751600E936DE4069BF51A3FF4D4
:1045100071AC069B2B9AC4E900352C9B01322B44CD
:10452000072A2C932B9200F3CF8008340C9B2B444A
:104530000C93FFF775BB0B9B079AA3EB0208B8F12E
:10454000000F7FF71CACB8F1100F2B9A41F30E82CD
:1045500023462946DDE909544FF01009014E0AE0CF
:10456000CDCCCCCCEC980008A8F11008B8F1100F15
:1045700003F1080315DD01321031072AC3E9006990
:10458000CDE92B21F0DD294620462AAA01F0F6FBD1
:10459000F0B9DDE92B21A8F11008B8F1100F2DAB0F
:1045A000E9DC1C460D4601324544072ACDE92B259E
:1045B0002660C4F8048000F3DE830834FFF7DFBB15
:1045C0002AAADDE9091001F0D9FB00283FF402AC6A
:1045D0000D9B1BB119460A98FEF70AFF099B5A6EFC
:1045E000B3F90C30D10702D49A0540F155845B062B
:1045F00000F1A4800C9857B0BDE8F08F844E0133D1
:104600003D44072B26606760CDE92B357FF7CDABA6
:10461000DDE909102AAA01F0B1FB0028D8D12C9DB0
:104620002DACFFF7C3BB2B9B013503F10108129B97
:10463000CDE92B85012B069B04F1080923604FF07F
:104640000103636040F36E81B8F1070F00F3FD834F
:10465000179B08F10108189A1D44B8F1070FC9E922
:104660000023CDE92B8500F3FE8309F10809129B95
:104670000022DDE914015C1E0023FCF761FC002828
:1046800040F0BF81069F08F1010801372544B8F1C9
:10469000070FCDE92B85C9F80070C9F8044000F375
:1046A000498109F10809199A08F101031544C9F86B
:1046B0000420072B26AACDE92B35C9F80020A7DC5A
:1046C00009F10804FFF772BB2AAADDE9091001F01D
:1046D00055FB002882D12DAC28E7099D0A98294670
:1046E00001F0E6FD002841F08282B5F90C3003F0BC
:1046F0001A020A2A7FF46FAA0999B1F90E20002A3A
:10470000FFF669AA4A6ED20702D49B0540F11D86C6
:10471000DDE909102346524657B0BDE8F04F01F0DD
:10472000EBBA9F0563D59E047FF540AA95047FF5FB
:1047300045AA099B9B899E0541F18C824FF0FF336E
:104740000C9357E72AAADDE909101D9301F016FB27
:1047500000287FF43DAF2C9D1D9B2DACFFF7FCBACC
:104760002AAADDE909101D9301F008FB00287FF457
:104770002FAF2C9D1D9B2DACFFF7FEBA102F2B9B4E
:1047800041F3E380DDE909A94FF01008214E04E070
:10479000103F102F04F1080415DD01331035072BED
:1047A000C4E90068CDE92B35F2DD514648462AAA16
:1047B00001F0E4FA00287FF40BAFDDE92B35103F60
:1047C000102F2DACE9DC01333D44072BC4E9006711
:1047D000CDE92B357FF7F3AADDE909102AAA01F00C
:1047E000CDFA00287FF4F4AE2C9DFFF7E8BA099DBE
:1047F000A86DFEF78DFDB5F90C306A6E98047FF553
:10480000D5A991047FF5DAA9D70792D596E700BF1D
:10481000EC980008FC9800082499002940F33F8197
:10482000DDF84090129B9945A8BF9946B9F1000F59
:104830000BDD069B4D44C4E900392B9B2C950133BD
:10484000072B2B9300F321870834DDF84080B9F162
:10485000000FA8BFA8EB0908B8F1000F00F3788398
:10486000DDF840A0069B1BF4806F9A4440F052860E
:10487000249A129B9A4203DB1BF0010F00F0628422
:10488000179B18991D44C4E900132B9B2C950133E9
:10489000072B2B9300F3AA870834129BDDF81880AE
:1048A0009F1A9844A8EB0A08B845A8BFB846B8F1C3
:1048B000000F0CDD2B9B45440133072BC4F800A0EF
:1048C000C4F804802C952B9300F3F2870834B8F1D8
:1048D000000FA8BFA7EB0807002F7FF767AA102FCC
:1048E0002B9B7FF78BAEDDE909A94FF01008A74E8F
:1048F00004E00834103F102F7FF781AE01331035EC
:10490000072BC4E90068CDE92B35F2DD5146484656
:104910002AAA01F033FA00287FF45AAEDDE92B35DC
:104920002DACE7E71BF0010F7FF48EAEB8F1070F57
:104930007FF7B9AEDDE909102AAA01F01FFA0028B5
:104940007FF446AEDDE92B850DF1B409ABE62B9A79
:10495000B8F1100F40F395872046DDE9094910258D
:104960008B4E1D9306E0A8F11008B8F1100F00F16E
:10497000080017DD01321031072AC0E90065CDE9D2
:104980002B21F0DD214648462AAA01F0F7F900283C
:104990007FF41EAEDDE92B21A8F11008B8F1100F4D
:1049A0002DA8E7DC04461D9B501C08EB01050728D9
:1049B000CDE92B052660C4F8048000F37F829DF8C2
:1049C0008B200834002A66D1002B3FF4D8A9134667
:1049D000FFF7C6B9302A00F0BF81302306990238AC
:1049E00001F8013C56AB1F1A089B0022BB42B8BF1E
:1049F0003B460D9206900793169213921092FFF782
:104A000092B9129B012B7FF74EAE112B41F313810C
:104A10004346DDE909A810275C4E05E009F10809C5
:104A2000103C102C40F3E18201331035072BC9E90B
:104A30000067CDE92B35F1DD514640462AAA01F049
:104A40009DF900287FF4C4ADDDE92B350DF1B409E3
:104A5000E6E72AAADDE9091001F090F900287FF4C1
:104A6000B7AD2C9D2DACFFF791B992047FF5A6A8A8
:104A700064E61BF0010F3FF499A9FFF7E1BA55EA8C
:104A8000080321F0800B7FF452AB089B002B54D01D
:104A90000025FFF751BB98460023FFF750B90123CB
:104AA00063602B9B3B4A01330135072B2C952B93DD
:104AB000226000F3DD850834002940F06E82129AEE
:104AC0000BF0010313433FF471A9179B189A1D447F
:104AD000C4E900232B9B2C950133072B2B9300F368
:104AE000278404F1080269E21BF0100F40F01682DF
:104AF0001BF0400F40F031831BF4007F00F00E826A
:104B00000E9A0C9912681170FDE4584660E40E9BF1
:104B10001A1D4FF000080E9B08981B6840451D4663
:104B20008DF88B80C0F2EA8421F0800B002B7FF49B
:104B300039AC089B0E92002BAAD11F4616931393F3
:104B4000109307930D9356AB0693FFF7ECB80E9BAB
:104B50001A1D0E9B00211B680E9242E40E9A1BF058
:104B6000100F52F8045B40F0BA861BF0400F0E9213
:104B700000F04A8245F3C03843462DB2FFF7A4BA8D
:104B80005946FFF7C2BA9B46FFF794BAEC98000863
:104B9000FC98000894970008DDE9140102460B46D2
:104BA000FCF700FA8046002840F05D87BAF1610FFB
:104BB00000F0BB85BAF1410F00F0E382089B01339E
:104BC00000F03D87BAF1670F159B4BF4807600F03B
:104BD0001787BAF1470F00F013870D90DDE9141223
:104BE000002A1346C0F2D486DDE914234FF00008F2
:104BF000CDE91E23AAF14103252B00F24D82DFE807
:104C000013F0DA064B024B024B02B50308044B02C9
:104C10004B024B024B024B024B024B024B024B022C
:104C20004B024B024B024B024B024B024B024B021C
:104C30004B024B024B024B024B024B024B024B020C
:104C40004B02DA064B024B024B02B5030804B84A8A
:104C50000F951BF020010E9800F0EA80073020F03D
:104C60000700416850F8083B1BF0010500F0BE80CA
:104C700053EA010500F03C8130258DF88C50002569
:104C80008DF88B50089D8DF88DA0002DC0F2F98015
:104C90002BF4906545F0020B03F00F05575D0BF008
:104CA00002050E901B0943EA0173080953EA11112A
:104CB0008DF8577118BF0DF2571101F00C8003F0F9
:104CC0000F06965D1B0943EA0073000901F8016DA8
:104CD00053EA0006F3D10691069A56AB9F1A089B39
:104CE0004FF0000CBB42B8BF3B46CDF834C0079331
:104CF000CDF858C0CDF84CC0CDF840C0002D3FF4E1
:104D000012A8DDE92B05079B2946023307931BF008
:104D10008403024607D10B9EDDF81CE0A6EB0E08CB
:104D2000B8F1000F07DCBCF1000F3FF419A84FF0F9
:104D30000208FFF704B802230AE67E4A0F9588E7C7
:104D40000E907C4803F00F07022502464FF0780AC8
:104D5000C75D4BF0020BA5E7069A56AB9F1A089B5E
:104D60000021BB42B8BF3B460D91079316911391AA
:104D70001091FEF7D8BF2AAADDE9091000F0FEFF66
:104D800000287FF425AC2C9D2DACFEF7F8BF2AAA95
:104D9000DDE9091000F0F2FF00287FF419AC2C9D2A
:104DA0002DACFFF75AB9089F634A062F28BF062784
:104DB0000E95079708930D930692169313931093ED
:104DC000FEF7B1BF069801F037FC9DF88B3020EA62
:104DD000E07207460792002B7FF498A8CDE90D35C5
:104DE0000893169313931093FEF79DBF8DF88B5085
:104DF000089D002D47DB53EA01052BF4906B7FF4EF
:104E00004BAF0899002900F08F8013780129B8BFB3
:104E100001218DF8573100230DF2571201270E9012
:104E20000D9307910692169313931093FEF77BBF91
:104E30001BF0100550F8043B7FF416AF1BF0400741
:104E400000F0048129469BB20EE72AAADDE9091089
:104E500000F094FF00287FF4BBABDDE92B850DF15A
:104E6000B409FFF7F5BB2AAADDE9091000F086FFB7
:104E700000287FF4ADABDDE92B850DF1B409FFF718
:104E8000F6BB4BF0020B0E9003F00F000BF0020587
:104E9000175C2BF4806B05E7099CA06DFEF73AFACE
:104EA000B4F90C30FFF7A3BB089B1F46169313936E
:104EB00010930D9356AB0693FEF735BF2AAADDE992
:104EC00009101D9300F05AFF00287FF481AB9DF874
:104ED0008B202C9D1D9B002A7FD098462DAC03462D
:104EE0002B98FEF72CBF0A98FEF796F8FEF754BEF3
:104EF0000025089B8DF88B50AB42C0F297822BF4B3
:104F0000906B7EE72AAADDE9091000F037FF002840
:104F10007FF45EAB2C9D2DACFFF78DB80E9A0C99EB
:104F200012681160FFF7EFBA089B0E9005E600BF0C
:104F300078970008649700088C970008AE4F03F03C
:104F40000F0C3A4602254FF0780A17F80C70A8E6C5
:104F5000B8F1100F2B9B40F38980DDE909A74FF0D2
:104F60001009A64E05E00834A8F11008B8F1100F9A
:104F70007DDD01331035072BC4E90069CDE92B3500
:104F8000F1DD514638462AAA00F0F8FE00287FF4E9
:104F90001FABDDE92B352DACE6E7179B189A1D44B6
:104FA000C4E900232B9B2C950133072B2B9300F393
:104FB000BF8104F108020029C0F2A48406990133DC
:104FC00011601299072B0D44CDE92B3551603FF745
:104FD0001FAB02F10804FEF7E9BE002B00F0AF8022
:104FE00013462B982DACFEF7BBBE984608F101087E
:104FF0002544B8F1070FCDE92B85C9F80060C9F841
:1050000004407FF74EAB95E41BF4007F14BF45F3DB
:10501000C0184FEAE578434618BF6DB2FFF754B8A1
:105020001BF4007840F0A38008991D4600298DF8F4
:105030008B80FFF6B7A92BF0800B002B7FF4B2A971
:105040000B460E9200297FF423AD76E51BF4007128
:105050001CBF3946DBB207E61BF4007100F0838009
:1050600001460E925846DBB2FFF7BBB9634E0133DF
:105070004544072BCDE92B352660C4F8048000F3A6
:1050800069810834FFF7ECBB56AB069317469DF8D1
:105090008B300792FFF760B8089B0A9801930223B0
:1050A000009328AB049325AB039324AB0293DDE973
:1050B0001E2301F005FC06901BF0010F40F0078451
:1050C000069A289B9B1A249A1293D01C1092C0F225
:1050D0009A8308999142C0F26683934200F3028456
:1050E000109F1BF4806F03D0109B002B00F3D8841B
:1050F000B3464FF0670A27EAE77307930023169336
:1051000013930BF00205B8F1000F00F086814FF009
:105110002D0C8DF88BC0079B013307930023089358
:10512000ECE5089B4FF0780A1F469C4616931393B4
:10513000109307930D9356AB0E900693E1E52DACBB
:10514000FEF71DBEDDF818809F1A9844A8EB0A08E8
:10515000B845A8BFB846FFF7BABB0E9A0C991268BB
:105160001180FFF7D0B958460E92FFF73AB9DDB279
:10517000089B8846002B8DF88B10BFF60EA9FFF711
:1051800011B945F63003ADF88C30089B4BF0020B9B
:10519000632B00F3EE83DDE91412002AC0F20084D1
:1051A000DDE9140124AA01F075FA00224FF07F53C3
:1051B000FBF75EFC02460B46CDE9102300220023DC
:1051C000FBF7BEFE08B1012324934FF000080C4BFF
:1051D000CDF8348007933DAB0693089B069D089459
:1051E000CDF848A0CDF84C80AA46DDE91045DDF8A1
:1051F0001C8003F1FF390DE064970008EC9800086B
:105200007897000800220023FBF79AFE002840F060
:105210007B84B1460022BB4B20462946FBF728FC85
:105220000D460446FBF7D4FE0746FBF7E3F80246BB
:105230000B4620462946FAF78FFF18F80730B9F1D8
:10524000FF3F524604460D4609F1FF360AF8013B7E
:10525000D8D11646AC4B0022CDE910455546DDE9C4
:1052600012A8089CFBF794FE40B9DDE9100100226A
:10527000A54BFBF765FED8B1FF0719D5079B28960C
:10528000D97B15F8012C2B46914209D1302003F827
:10529000010C289B5A1E289213F8012C8A42F6D042
:1052A000392A0BBF079A0132927AD2B203F8012C45
:1052B000069B249AEB1A1293BAF1610F02F1FF33A5
:1052C000249300F0708450214FF0410A002B8DF898
:1052D0009810C0F258842B22092B8DF8992000F3E6
:1052E000A2820DF19A02303302F8013B26ABD31AA9
:1052F0001993129B199A012B03EB020740F37B834E
:10530000179B1F442BF4806343F4807B002327EA20
:10531000E7721693079213931093F2E62AAADDE937
:10532000091000F02BFD00283EF468ADFFF756B9D8
:105330002AAADDE9091000F021FD00287FF448A920
:10534000DDE92B3524992DAA35E6886DFDF7E2FFBE
:10535000FFF7DEB92AAADDE9091000F00FFD0028E9
:105360007FF436A92C9D2DACFFF77ABA0223089A58
:1053700001321292009328AB129D049325AB039344
:1053800024AB019502930A98DDE91E2301F098FAF7
:105390002AF02009B9F1460F0690054400F09181EA
:1053A000DDE91E0100220023FBF7CAFD002840F0C2
:1053B000C483289BAB4238BF4FF0450980F0BA83C5
:1053C00030215A1C28921970289BAB42F9D3069AB7
:1053D000B9F1470FA3EB02031293249B109300F043
:1053E000DB81B9F1460F00F08881109B8DF898A001
:1053F000013B002B2493C0F20D822B22092B8DF848
:10540000992000F3108230228DF89A200DF19B0232
:1054100069E7089B12930323ACE79DF88BC0BCF1AE
:10542000000F7FF478AECDF8208067E413780E90FB
:105430008DF857310DF257132BF4806B06934BE424
:105440001C9A1A99ACEB0204204601F047F89AF82E
:1054500001300BB10AF1010A4FF0CC3101272B4A80
:1054600015EB080343F10003A2FB030E2EF003002B
:1054700000EB9E001B1AEB1A03FB01F168F1000818
:10548000A3FB023002FB0811FB40014443EAC17553
:1054900021FA07F815EB080343F10003A2FB031000
:1054A00020F0030101EB90015B1AEB1AA3FB023120
:1054B00068F1000002FB0012FB4043EAC27303EBF9
:1054C0008303A5EB4303303304F1FF3C04F8013CB4
:1054D000FEF722BF2D238DF88B300423BAF1470F3E
:1054E0004FF003070D95079340F3F781084B0693A0
:1054F0000895169513951095FEF715BC8B460E92E0
:10550000FEF715BE000030400000E03FCDCCCCCC13
:1055100058970008129A13981344002829460893B4
:105520005546CDF874B02246DDE909BAAD4F1C9B53
:10553000DDF86C90DDF858802FDDB8F1000F40F3F6
:10554000828008F1FF381A981944C2E900032B98A9
:105550002C91013007282B9068DC0832089C99F8C0
:105560000000641B8442A8BF0446002C0BDD2B986E
:10557000214401300728C2E900542C912B9068DCAB
:1055800099F800000832002CB4BF0646061B002E16
:1055900015DC054413980028CFDCB8F1000FD0DCEF
:1055A000AA461446069B129A0D4613449A4528BFF4
:1055B0009A46DDF874B0CDF86C90FFF759B9102E0B
:1055C0002B9840F3D38210951024354616933E460F
:1055D00004E0103D102D02F1080215DD01301031FC
:1055E0000728C2E90074CDE92B01F2DD5946504687
:1055F0002AAA00F0C3FB00287EF4EAAFDDE92B0104
:10560000103D102D2DAAE9DCB446169B2E46109DA8
:10561000013031440728CDE92B01C2F800C05660A3
:105620003FDC99F8000008320544B3E7594650467C
:105630002AAA109300F0A2FB00287EF4C9AF2C998F
:10564000109B2DAA8AE7139809F1FF3901381390AE
:1056500079E7594650462AAA109300F08FFB00289C
:105660007EF4B6AF99F800002C99109B2DAA8AE71A
:105670002AAADDE9091000F081FB00287EF4A8AF1A
:1056800024992C9D2DACFFF717BA2AAADDE9091041
:1056900000F074FB00287EF49BAF2C9D2DACFFF72F
:1056A000D4B8594650462AAA109300F067FB002848
:1056B0007EF48EAF99F800002C99109B2DAA05441A
:1056C00068E7069B1B78302B00F0C081249B1D44AB
:1056D0000022DDE91E010023FBF732FC002852D135
:1056E000289BAB42FFF46CAE069AB9F1470FA3EBCF
:1056F00002031293249B10934ED01099089A0BF03A
:105700000103002943EA020340F36282002B40F0C8
:1057100044824FF0660A109F1BF4806F40F0C281F4
:1057200027EAE773B3460793E8E447F63003ADF89A
:105730008C30089B4BF0020B632B00F31A81DDE9E0
:105740001412002AC0F22C81DDE9140124AA00F011
:10575000A1FF00224FF07F53FBF78AF902460B4668
:10576000CDE9102300230022FBF7EAFB03460028C3
:1057700000F05882012324933DABCDF8348006938A
:10578000194B079329E5249B1093069BB9F1470F0A
:10579000A5EB03031293B0D1109B033333DB089BBB
:1057A000109A934210DA109BAAF1020A013B002BD7
:1057B0008DF898A02493BFF620AE2D22109B8DF873
:1057C0009920C3F101031EE6129B109A934200F345
:1057D00089801BF0010F3FF483AC109B179A9F1830
:1057E0007FE400BFEC980008649700082AAADDE96E
:1057F000091000F0C3FA00287EF4EAAE249A2C9D2A
:105800002DACFFF74AB8109BAAF1020A013B8DF8B4
:1058100098A024932D22109B8DF89920C3F10103A9
:10582000092B7FF7F0AD0DF1A70C6246DFF8C0E25F
:105830001D461046AEFB0321C90801EB8102A3EB14
:1058400042023032632D00F8012C0B4600F1FF328A
:10585000EEDC303302F8013C831E634580F00E829B
:105860000DF1990213F8011B634502F8011FF9D1EC
:1058700003F5AC736B44BC3B1B1A26AA9B1A199305
:1058800037E59C4EFFF790B80E95002B00F0B080E6
:10589000089B1F46013307930D9B089316931393A0
:1058A0001093FEF740BA00230D460893FEF7C8B9DF
:1058B0002AAADDE9091000F061FA00287EF488AE1A
:1058C000249F129B2C9D2DACDF1BFFF700B8069B7D
:1058D000089A4FF047099D18FAE6874B07E65B46A2
:1058E000FEF7AEBC129B179A9F18109B002B40F33B
:1058F00027814FF0670A0FE75946FFF70AB9584664
:10590000FFF727B9C1F10008103121DADDE9099765
:1059100010247A4E05E00832A8F11008B8F1100FF3
:1059200017DD01331035072BC2E90064CDE92B35B3
:10593000F1DD494638462AAA00F020FA00287EF414
:1059400047AEDDE92B352DAAE6E76A4EFEF73BBFF1
:105950006A4E01334544072BCDE92B351660C2F85A
:10596000048000F352810832FFF728BB634EFEF734
:105970001ABE089B0A98591CFDF72EFE06900028B7
:1059800000F0A281069B4BF480760D93FFF726B9B9
:1059900003F100434FF02D081E911F93FFF72AB922
:1059A0001346CDF834804FF02D081E9103F10043CB
:1059B0003DA906911F9324AADDE91E0100F06AFEAD
:1059C00000224FF07F53FBF753F802460B46CDE918
:1059D000102300220023FBF7B3FA08B1012324931C
:1059E000BAF1610F3FF4CCAE454B0793FFF7F5BB1F
:1059F000089F079750E71BF0010F3FF483AC7FE44B
:105A0000089A002A00F0B580002BDDE91423C0F2CB
:105A10004A81CDE91E23089B0A9801930223009333
:105A200028AB049325AB039324AB0293DDE91E233B
:105A300000F046FF002306900D93FFF73DBB0623C1
:105A40000D9008934BF48076FFF7C8B80022DDE98B
:105A50001E010023FBF774FA002800F0C380249B8A
:105A600010931D4491E6159B2BF0800B13F000431F
:105A7000109300F09B802D2304228DF88B3000239F
:105A8000BAF1470F4FF003070D93079240F3E880F8
:105A90001C4A06920893169313931093FEF743B98A
:105AA0004FF0670A1B990B78FF2B00F01981002536
:105AB000109A284603E001300131FF2B08D09342B1
:105AC00006DAD21A4B78002BF5D10B780135F4E7C2
:105AD0001B91109213901695139A169BB34613447C
:105AE0001C9A02FB037727EAE7730793FFF709BBCA
:105AF000CDCCCCCCFC98000854970008EC9800085A
:105B00007897000860970008B9F1000F5546DDE965
:105B100012A8089CFFF6CCAB2B46302009F10102FD
:105B20002A4403F8010B9342FBD105EB09035D1CEA
:105B3000FFF7BEBB069A9B1A1293249B109354E462
:105B4000C3F101031F4427EAE773B3464FF0670A26
:105B50000793FFF7D3BA002304220327CDE90723D5
:105B60000D93169313931093FEF7DDB8DFF878C109
:105B70004EE5002BC0F286800123DDF820800893DB
:105B8000DDE9142345E7C2F101032D22092B8DF82D
:105B900099203FF748AEFFF7A4BB179B0A444FF08C
:105BA000660AD718B8E57021FFF790BBBAF1470F26
:105BB000CCBF4E4A4E4A9DF88B300692002B79D1CD
:105BC00003270893169313930D930797FEF7ABB82B
:105BD000B346002B32D101234FF0660A1F460793CC
:105BE000FFF78CBA129BC3F1010324936FE5099A66
:105BF000536ED8073EF5A2AD938999053EF59EAD4B
:105C0000906DFDF787FBFEF799BD2AAADDE9091023
:105C100000F0B4F800287EF4DBACDDE92B352DAACA
:105C2000FFF7CCB99846334BCDF8348007933DABA2
:105C30000693FFF7D2BA2C4EFFF7D8B9179B089FEF
:105C400003F101094F4427EAE7734FF0660A07930F
:105C5000FFF754BA099B986DFDF75CFBFEF76EBD2C
:105C6000234A16E70E9B95F801A053F8042B0D4626
:105C70000E9342EAE2730893FDF7E1BF0223199302
:105C8000FFF737BB0121DDE9142303F100434FF097
:105C90002D081E9208911F93BDE60D931693139342
:105CA0001093FEF740B803F100434FF02D081E9209
:105CB0001F93B0E60023042203270893079216934C
:105CC00013930D93FEF72FB8099A938943F040037D
:105CD0009381FEF783BC0DF257130693FEF7FCBFCA
:105CE000002316931393F7E6EC98000860970008DA
:105CF0005C970008649700082DE9F0414FF4806537
:105D00000027ADF58D6D1AAECDE9055798460746CB
:105D10000096049616468B8916A823F00203ADF868
:105D20000C304B6E02951993CB890D46ADF80E30B1
:105D3000CB696C4607934B6A0993FDF7E5FA324647
:105D4000434669463846FDF711FF061E07DB6946E4
:105D5000384600F015F9002818BF4FF0FF36A38928
:105D60005B0603D5AB8943F04003AB81A06DFDF723
:105D7000CDFA30460DF58D6DBDE8F081936810B514
:105D800014461BB918460023636010BD00F022F9C9
:105D90000023A3600023636010BD00BF70B500291D
:105DA0003FD006460C4610B1436B002B3CD0636ECF
:105DB000B4F90C20DD0732D4900538D521463046A1
:105DC00000F04CF8E36A054633B13046E169984784
:105DD0000028B8BF4FF0FF35A3891A0639D4216BCC
:105DE00041B104F14003994202D03046FDF700FB77
:105DF00000232363616C21B13046FDF7F9FA0023DB
:105E00006364FDF727F90022636EA281DB071CD5CE
:105E1000A06DFDF77BFAFDF723F9284670BD002A37
:105E2000CCD10025284670BDFDF7F6F8BFE7A06D80
:105E3000FDF76EFAB4F90C30002BBFD1636ED907B1
:105E4000EFD4A06DFDF766FAEBE7A06DFDF762FAFF
:105E5000DEE730462169FDF7CBFAC0E7B1F90C2047
:105E6000F8B515070C46074649D4496842F4006363
:105E70000029A38160DDA66A002E3ED0002112F425
:105E800080523D68396063D101233846E169B047EB
:105E90000246501C69D0B4F90C30A66A590705D5E2
:105EA0006368D21A236B0BB1E36BD21A0023384616
:105EB000E169B047421CB4F90C304BD139681D2957
:105EC00040D82E4ACA40D6073CD5002262602269DB
:105ED000D904226023F40062A28102D53B68002B22
:105EE00041D0216B3D6041B104F14003994202D0A1
:105EF0003846FDF77DFA002323630020F8BD0E69C4
:105F0000002EFAD0920718BF00230D6808BF4B6916
:105F10000E60AD1B8B600CE02B463246D4F824C0DB
:105F20003846E169E047B0F1000CA5EB0C0566448A
:105F300006DD002DF0DCE0E7E16B00299BDCDCE70F
:105F4000B4F90C3043F040034FF0FF30A381F8BDAB
:105F5000226DA3E7002262602269226023F40062BE
:105F6000DB04A281BDD52065BBE73B68002B92D046
:105F70001D2B01D0162BE3D13D60BEE70100402070
:105F800038B505460C4608B1436B03B3B4F90C00B1
:105F900088B1636EDB0701D481050FD52846214601
:105FA000FFF75CFF636E0546DA0702D4A3899B0501
:105FB00008D5284638BD0546284638BDA06DFDF7F2
:105FC000A7F9EBE7A06DFDF7A5F9284638BDFDF769
:105FD00023F8DBE79368002B00F0AB802DE9F04F4E
:105FE000B1F90CC017461CF0080F80460C4683B070
:105FF00024D00B6913B31CF002093E682AD04FF07D
:10600000000B5D46DFF8A4A2002D00F0818055450D
:106010002B465A4628BF53464046E169D4F824C06F
:10602000E04700287DDDBB6883441B1A2D1ABB6046
:10603000002BE9D1002003B0BDE8F08F2146404697
:1060400000F036F9002871D1B4F90CC03E681CF09C
:106050000209D4D11CF0010A6DD155462368002DE8
:1060600052D01CF4007F1846D4F8089000F0A580A8
:10607000A945CB4600F2E0801CF4906F32D0216934
:106080006269A3EB010902EB420202EBD27209F151
:10609000010352102B44934292BF93469B461A46EB
:1060A0001CF4806F00F0E68011464046FDF794FA3C
:1060B000002800F0F5804A4621690190FAF762FC59
:1060C000A289019B22F4906242F08002A28103EB3C
:1060D00009002361C4F814B0ABEB0903A946AB4631
:1060E000A360206051465A4600F060F9A268236818
:1060F000A2EB0902A260B9685B44491B2360B96046
:10610000002997D0B4F90CC0D6E900A50836A6E757
:10611000D6E900B5083677E721464046FFF730FF5D
:1061200060B3B4F90C3043F04003A3814FF0FF306B
:1061300081E7002070474D46BA4648464F465DB35A
:1061400080B34A4620682169AA4228BF2A4688426D
:10615000636904D9A16803EB010B5A457CDC9342C7
:106160006DDC3A464046E169D4F824C0E047B0F11E
:10617000000BD6DDB9EB0B09CED00120DAF80830E0
:106180005F44A3EB0B03A5EB0B05CAF80830002B0B
:106190003FF450AF002DD3D1756833460836002D3B
:1061A000FAD01F682A460A21384600F005FA00286E
:1061B00073D00130A0EB0709C3E722699A4223D3C9
:1061C000D4F814C0AC451FD86FF00043AB4228BFD1
:1061D0002B4693FBFCF352460CFB03F34046E1696C
:1061E000D4F824C0E047B0F100099ADDBB68A5EB04
:1061F0000905A3EB0903CA44BB60002B3FF41AAFA7
:10620000B4F90CC023682AE7A94528BFA946184657
:106210004A46514600F0CAF8A2682368A2EB090278
:106220004B44A2602360002AE0D121464046FFF79C
:10623000A7FE0028DAD074E7A946AB4652E73946F4
:10624000019200F0B3F8019AA36893469B1AA360E9
:106250002368134423608DE739465A4600F0A6F8B8
:10626000236821465B4440462360FFF789FE0028EF
:1062700080D056E7404601F007FF034600287FF430
:1062800026AF40462169FDF7B3F80C22B4F90C3073
:10629000C8F8002023F0800345E76A1C914651E7C7
:1062A0000C22B4F90C30C8F800203CE700FCFF7F5A
:1062B00038B53D4B05461B680C4613B15A6B002A96
:1062C0005AD0B4F90C3019070BD522699AB113F0E2
:1062D000010221D19B0756BF6369A260A360002021
:1062E00038BDDA0658D558071CD4226943F0080394
:1062F000A381002AEBD1990528D5180603F0800167
:1063000024D4D80741D49D073CD5A2600029E6D00B
:1063100043F04003A38144E000226369A2605B4232
:10632000A361DCE7216B51B104F14002914204D03A
:106330002846FDF75DF8B4F90C30002222630021F5
:10634000226923F02403C4E90021CFE7214628462F
:1063500002F042F8B4F90C30226913F001010FD0B9
:1063600000206169A0604942A161002AB7D103F011
:1063700080010029B3D0CBE71846FCF74DFEA0E71B
:10638000980700D46169A160EFE76069A2604042AC
:10639000A0610029A3D0BBE7092243F040032A6093
:1063A000A3814FF0FF3038BD180000208842F0B5BF
:1063B00014D98B18834211D9032A00EB020166D845
:1063C00002F1FF3C4AB16FEA0C0C0A469C4413F8F8
:1063D000011D634502F8011DF9D1F0BD032A0FD854
:1063E000034602F1FF3C002AF7D00CF1010C013BFF
:1063F0008C4411F8012B614503F8012FF9D1F0BD50
:1064000041EA00039B073ED10F2A64D901F1100431
:10641000A446A2F11003203123F00F03194400F128
:10642000100E5CF8105C0CF1100C4EF8105C5CF86F
:106430001C5C0EF1100E4EF81C5C5CF8185C4EF8FB
:10644000185C5CF8145C8C454EF8145CE9D1E118DA
:1064500012F00C0F034402F00F0E03F1100338D0BA
:106460008C462EF00305043D1A1F5E195CF8044BA0
:1064700042F8044FB242F9D10431043329442B4489
:106480000EF00302ADE7034602F1FF3CADE741EA3F
:106490000304A4071F4602D002F1FF3C93E78C4699
:1064A000A2F1040E2EF003068E1B4FEA9E0E6446E8
:1064B00053F8045DB4424CF8045DF8D1CEEB8E7312
:1064C00001EB830107EB83073B1F043902F0030252
:1064D00076E7724685E703469646C1E740EA010340
:1064E0009B0710B524D1032A22D98E468446DEF8B4
:1064F00000407146A4F1013323EA040313F0803F06
:106500000EF1040E15D1043A032A4CF8044BEED8D0
:10651000714601F1FF3E52B163461EF8011F541E41
:1065200003F8011B41B122469C46002AF4D110BD5C
:10653000844601F1FF3EEEE79444002CF7D003F8C7
:10654000011B6345FBD110BD004870474806002081
:10655000002238B5064D044608462A60FBF72AF8A3
:10656000431C00D038BD2B68002BFBD0236038BD06
:106570001009002038B5074D074C2C1BA41005D07E
:10658000013C55F8043D9847002CF9D1BDE838404E
:1065900003F0C4B8409B00083C9B0008082802D1C7
:1065A0004FF48050704708B5FCF780FE1622034672
:1065B0004FF0FF301A6008BD30B586468007CCB278
:1065C00015D0F4460EEB020507E0634613F8011BF5
:1065D000A14206D0990705D09C4665456046F4D196
:1065E000002030BD013A72449E46A2EB0C02032A01
:1065F0000CD8002AF4D07346724401E09A42EFD0DE
:10660000184613F8011BA142F8D130BD714604EBC6
:10661000042505EB05458E4651F8043B6B40A3F17C
:10662000013020EA030313F0803FE4D1043A032A47
:10663000F1D88E46DDE700BF20F0030110F0030023
:10664000C0F1000051F8043B00F1040C4FEACC0CFF
:106650006FF000021CBF22FA0CF213434FF0010C42
:106660004CEA0C2C4CEA0C4CA3EB0C0222EA030281
:1066700012EACC1204BF51F8043B0430F4D0C2F14A
:10668000000102EA0102B2FA82F2C2F11F0200EB3B
:10669000D2007047F8B50027DFF858C021F000435A
:1066A000634504460D46176021D8844653EA0C0C16
:1066B0001DD0DFF844C0164601EA0C0C0A46BCF1B6
:1066C000000F09D100220D4BFAF7D2F96FF0350710
:1066D00004460A4621F000431B156FF31E52A3F235
:1066E000FE333B4442F07F55336045F400152046AD
:1066F0002946F8BDFFFFEF7F0000F07F0000504308
:106700002DE9F8431B4D0646286898460F469146EA
:10671000FCF7FEFD184B1C681CB3286865681F2D2C
:1067200022DC4EB96B1C0235636044F82570FCF71F
:10673000F1FD0020BDE8F883012304EB8501C1F8D9
:106740008890D4F88821AB401A43022EC4F88821DF
:10675000C1F80881E6D1D4F88C211A43C4F88C2101
:10676000E0E7064C1C60D8E7FCF7D4FD4FF0FF30A3
:10677000E0E700BF40010020200900205809002068
:106780002DE9F04F03690C6985B0A342C0F29180F6
:106790008146013C01F1140509F1140855F8243033
:1067A00058F824C001339C45BCFBF3F64FEA840043
:1067B00005EB840708EB840243D34FF0000CAA4694
:1067C000CDE90105C646634665469346CDF80C8083
:1067D0005AF8040BDEF800201FFA80FC06FB0C556B
:1067E0004FEA10484FEA154C06FB08CCADB290B208
:1067F000401B18441FFA8CF3C3EB204303EB1243F6
:1068000080B240EA034057454EF8040B4FEA1C455E
:106810004FEA2343DCD2DDE90105DDF80C8058F8AE
:10682000003073B9ABF10402904504D307E0904502
:1068300004F1FF3403D252F80439002BF7D0C9F821
:106840001040484601F0F2FA00282EDB41460022B3
:1068500055F8040BD1F800C01FFA80FE1FFA8CF324
:10686000A3EB0E031344020CC2EB234202EB1C42C7
:106870009BB243EA0243AF4241F8043B4FEA224253
:10688000E6D258F8242008EB84036AB9043B434558
:1068900004D807E0984504F1FF3403D253F80429E3
:1068A000002AF7D0C9F810400136304605B0BDE8DF
:1068B000F08F002005B0BDE8F08F00BF00000000A1
:1068C0002DE9F04F16461F46816B9FB00446CDE977
:1068D00004672B9D41B10123C26B93408B604A60DA
:1068E00001F02AF80023A363B7F10009B4BF012324
:1068F00000232B60B44BBCBF29F00049CDF81490A5
:1069000033EA090300F0A480DDE9042310461946A8
:1069100000220023CDE90201FAF712FB824668B19A
:1069200001232A9A13602C9B13B1A84B2C9A136055
:10693000A74B079307981FB0BDE8F08F1CAB0193DE
:106940001DAB00932046DDE9022301F041FB5FEA25
:106950001955DDF87080099040F090801D9D4544E8
:1069600005F23243202B40F32D82C3F1400309FA94
:1069700003F905F2124326FA03F349EA0300F9F793
:1069800029FD0123013D1093A1F1F873194600225E
:10699000904BF9F7E1FB86A3D3E90023FAF768F8F7
:1069A00085A3D3E90023F9F7D9FB064628460F460D
:1069B000F9F720FD82A3D3E90023FAF759F802463C
:1069C0000B4630463946F9F7C9FB06460F46FAF73B
:1069D000FFFA002281460890002330463946FAF734
:1069E000B9FA002840F01581A8EB0508089D08F1C8
:1069F000FF3B162D00F2F880DDE90201764A02EB3A
:106A0000C503D3E90023FAF7A5FA002840F0D481A2
:106A1000B8F1000F0D9040F38A85AB440C950A90B5
:106A200000230B93289B092B3CD8052BC4BF043BA8
:106A30002893289BC8BF0025A3F10203D8BF0125D6
:106A4000032B31D8DFE813F0ED02EA02DF02C701C1
:106A500042F20F732A9AC9F3130959EA060913601F
:106A600019D12C9B002B00F02C875C4B079308332B
:106A70002C9A079813601FB0BDE8F08FDDE9020182
:106A8000C1F3130343F07F53CDF840A0A5F2FF35C7
:106A900043F440137AE72C9B002B40F09881504B35
:106AA000079347E700232893002520462946E563FE
:106AB00000F01CFF0790002800F0AC86079BA36342
:106AC0001D9B002BC0F2B380089A0E2A00F3AF8002
:106AD000DDE90289404B404603EBC203D3E900677E
:106AE000494632463B46CDE90467FAF7EBF8FAF738
:106AF0006FFA0546F9F77EFC32463B46F9F7B8FFD8
:106B00004FF0FF3A0B46024649464046F9F724FB50
:106B100005F13003079D05F8013B02944FF0010990
:106B20005446DDE904AB1DE052465B46304639462B
:106B3000FAF7C8F8FAF74CFA8046F9F75BFC5246C8
:106B40005B46F9F795FF09F101090B460246394604
:106B50003046F9F701FB08F13003A14505F8013B88
:106B600000F0428500221F4BF9F782FF002200232C
:106B700006460F46FAF7E4F90028D5D0AB46089F41
:106B8000029C01372046099900F0D6FE00238BF8BD
:106B900000302A9B1F602C9B002B3FF4CBAE079844
:106BA000C3F800B01FB0BDE8F08F00BFAFF30080A6
:106BB00061436F63A787D23FB3C8608B288AC63F03
:106BC000FB799F501344D33F0000F07F9597000856
:106BD000949700080000F83F409900089897000833
:106BE000A49700080000244001230D93BBF1000F7F
:106BF000C0F2DC8000230A93089B002B80F2D38034
:106C00000A9A089BD21A0A9200225B420C920B93BA
:106C100008E74846F9F7EEFB32463B46FAF790F9AB
:106C200000287FF4E1AE09F1FF330893DCE64FF072
:106C3000FF3A2995CDF850A0109A002A40F0F4812F
:106C40001C9B0B9FC3F136030A9A01212046D518DD
:106C50009B4400F035FF0A9A0646002A40F08283E2
:106C60000B9B002B00F0F683002F40F0DA832046C8
:106C70000B9A099901F006F8012309900B93012161
:106C8000204600F01DFF0C9B0290002B40F0048377
:106C9000289B012B40F38C830120584410F01F00E7
:106CA00000F0CA81C0F12003042B40F39A830A9BB1
:106CB000C0F11C00034405440A938344002D05DD04
:106CC0002A462046099901F03DF80990BBF1000FD2
:106CD00005DD5A462046029901F034F802900D9BDA
:106CE000002B40F0EF82BAF1000F40F3B0820B9B13
:106CF000002B40F0FC81089F01370125DDF81C8046
:106D0000DDF824B0DDF8089007E0594600230A2298
:106D1000204600F01BFE8346013549465846FFF7E2
:106D20002FFD554500F1300008F8010BEDDBBAF1FD
:106D3000000F0AF1FF35D8BF0025079B81465A1C7A
:106D400005EB020A0025CDF824B00122099920465E
:106D500000F0F8FF0299099001F068F8002840F36C
:106D60007C83079A02E0924500F082831AF8013C86
:106D7000D346392B0AF1FF3AF5D001338AF80030B7
:106D80002046029900F0D8FD002E3FF4FBAE2DB155
:106D9000B54203D02946204600F0CEFD31462046BC
:106DA00000F0CAFDEEE69B440C9339E6C8F10103FE
:106DB0004FF0000B0A931FE7089B013B0893002349
:106DC0000D9313E7C3F1200306FA03F0D7E59E4BBA
:106DD000079303334CE601231293299B089A13442B
:106DE00003F1010A5646012EB8BF01261493172E4F
:106DF00040F35E85012204235B0003F11400B042DE
:106E0000114602F10102F7D9E163204600F06EFD60
:106E10000790002800F0FE84BAF10E0FA06300F284
:106E20002181002D00F01E81089A002A40F356832C
:106E3000864902F00F0301EBC303D1054FEA221587
:106E4000D3E9006740F1EE83DDE90201804B4FF0AA
:106E50000309D3E90823F9F735FFCDE90E0105F061
:106E60000F0585B1DFF8E881EA0740F1E180F8E835
:106E7000022330463946F9F7FBFD6D1006460F46F2
:106E800009F10109F0D1DDE90E0132463B46F9F77F
:106E900019FFCDE90E010D9B53B1DDE90E6700220C
:106EA000304639466B4BFAF755F8002840F06C84B1
:106EB0004846F9F79FFADDE90E23F9F7D9FD0022DC
:106EC000654BF9F74BF90646A1F15077BAF1000F7F
:106ED00000F0E182089BCDF854A01B935B4B159901
:106EE0001A9303EBC10353E90212CDE91667DDE9FA
:106EF0000E56CDE9181228463146FAF769F800F126
:106F000030035FFA83F8F9F775FA02460B46284614
:106F10003146F9F721F9079B0F4612995D1C064689
:106F2000DDE918230E95002900F0AF8300204B49BE
:106F3000F9F7C8FEDDE91623F9F70EF902460B460C
:106F4000DDF81CC0CDE912238CF8008032463B46A8
:106F5000FAF71EF8002840F06B84DDF85480CDF875
:106F600058B0CDF854A04FF00009DDE912AB0E94F3
:106F70002BE009F10109C14580F2D0815046594604
:106F80000022374BF9F774FD0022354B82468B46C1
:106F900030463946F9F76CFD0F460646FAF718F801
:106FA0000446F9F727FA02460B4630463946F9F708
:106FB000D3F8303452465B4605F8014B06460F467F
:106FC000F9F7C8FF002840F0328432463B460020E3
:106FD0002049F9F7C1F852465B46F9F7BBFF002894
:106FE000C7D01B9E0E9C079A013602E0954200F026
:106FF000F383AB4615F8013D392BF7D00133DBB2F3
:1070000037462B70BEE501231293299B002B40F3DA
:10701000B881299B9A461E461493E8E600231293F2
:10702000DBE600231293F0E70B9F03F233430BE6FA
:107030006D1008F1080817E71C230A9A1D441A442A
:107040000A929B443AE600BFA497000840990008C2
:10705000189900080000F03F00001C400000E03FCD
:10706000000024401D9B002BC0F24881089A0E2A84
:1070700000F34481A74B1A93089A1A9B03EBC203AF
:10708000D3E90023CDE90423299B002B80F2D18290
:10709000BAF1000F00F3CD8240F01682DDE9040161
:1070A00000229D4BF9F7E4FC02460B46DDE90201A4
:1070B000F9F75AFF5146002840F007823123DDF8E6
:1070C0001CB020460BF8013B00F036FC089F02374D
:1070D00058E5314600230A22204600F037FC149B75
:1070E0000646002B40F3DE83DDF850A008950A9B8E
:1070F000002B05DD31461A46204600F023FE0646E9
:107100000C9B002B40F05982B046079B03F1FF3BDC
:107110001D460BEB0A030A93049BDDF824B003F031
:1071200001030B9302995846FFF72AFB314682462A
:10713000584600F07BFE029907464246204600F082
:1071400095FEC36801460AF13009002B36D109903B
:10715000584600F06BFE09990990204600F0ECFBC0
:10716000099B002B58D1289B1BB90B9B002B00F0CF
:107170008283002FC0F24B83AA460A9B0AF8019B28
:107180009D4200F07A82594600230A22204600F0F0
:10719000DDFB4645834631464FF000034FF00A02BF
:1071A000204633D000F0D2FB414600230A22064697
:1071B000204600F0CBFB55468046B3E72046CDF88D
:1071C00024B000F0B9FB002F06DB049B03F00102A2
:1071D000289B1F433A432CD101220999204600F0F5
:1071E000B1FD0299099000F021FE002840F32783A9
:1071F000B9F1390F00F0F3820AF13109AB46089F6B
:107200003546013746460BF8019BB9E500F09EFB79
:1072100055460646804685E7002FC0F20283289A2D
:1072200017430B9A174300F0FC82002BA4DDCDF826
:1072300024B0B9F1390F00F0D282AB46089F09F1B2
:1072400001033546013746460BF8013B98E5289B7C
:10725000022B7FF74CADBAF1000F40F090815346FE
:1072600005220299204600F071FB01460290099820
:1072700000F0DCFD002840F382813123DDF81CB0F2
:10728000204602990BF8013B00F056FB089F02379D
:10729000002E7FF483AD75E41A460146204600F0C7
:1072A000F1FC289B0290012B40F37A8100230C9380
:1072B000029A136902EB8303186900F099FBC0F18D
:1072C0002000EAE40299099800F0B0FD0028BFF61A
:1072D0000AAD00230A2220460999089D00F036FBDA
:1072E0000B9B013D0990002B7FF4F3AE149B002B08
:1072F00040F3CD82089FDDF850A0FEE4129ABAB99F
:107300000A9B002B72D10B9B002B40F080801D4606
:107310001E46B4E440990008000014401D9B0E9CDA
:10732000002BDDE915AB03DB089A0E2A7FF7A4AE2C
:10733000289A012A7FF780AC0B9B0AF1FF37BB42EA
:10734000C0F2FD80BAF1000FA3EB070780F29C8228
:10735000012120460A9D00F0B3FB0646A5EB0A0872
:10736000CDF82880BBF1000F7FF77AAC0A9A5A4516
:107370001346A8BF5B46D21AED1A0A92ABEB030B79
:107380006EE400212046E16300F0B0FA0790002887
:1073900000F04082079BA363002D40F0FD801D9B01
:1073A000002BC0F2618201229246149229925DE67E
:1073B000049B002B7FF470AC059BC3F31303002BDD
:1073C0007FF46AAC059B23F000431B0D1B05002BCB
:1073D0003FF462AC0123013518460BF1010B0C930D
:1073E0005BE43FF46BACC0F13C0326E6BBF1000F5D
:1073F00000F0B1810A9A0B9E5A451346A8BF5B461E
:10740000D51AABEB030B0A95002E3FF438AC20469F
:107410000B9A099900F036FC002609900B960A9DFC
:107420002DE431463A46204600F02CFC0646DDF8B5
:10743000248031464246204600F070FB414680469B
:10744000204600F079FA0B9BCDF82480DB1B0B93D0
:107450007FF40DAC01230B9311E403D119F0010F5C
:107460007FF47FACD3461AF8013D302BFAD087E485
:107470003123079A0137137082E44846F8F7BAFFC0
:10748000DDE90E23F9F7F4FA0022B54BF8F766FEB2
:107490000646A1F150770022DDE90E01B14BF8F765
:1074A0005BFE32463B4680468946F9F771FD00286F
:1074B00040F0A08140464946324607F10043F9F7C3
:1074C00049FD00283FF4CEAD0021204600F034FAFB
:1074D000299BDDF81CB05F42FFF754BB00F04C81E4
:1074E000DDE90201089BA04A5D4205F00F0302EBB3
:1074F000C303D3E90023F9F7BBFA2D114FF00209BA
:10750000CDE90E013FF4C7AC984EEB070CD5DDE991
:107510000E01F6E80223F9F7ABFA6D10CDE90E0182
:1075200009F10109F1D1B6E46D100836EDE7C8F1B3
:1075300001030A93089B9B460C93FFF771BA0B9BC0
:107540000C9ADDF82880FB1A1A44012120460C927F
:1075500000F0B6FA43460646D34408EB0A050B97FB
:10756000002B3FF484AB0A9A5A451346A8BF5B46EA
:10757000D21AED1A0A92ABEB030BFFF778BB204649
:10758000029900F0D9F9299BDDF81CB05F42002E6A
:107590007FF404ACFFF7F6BAAA461495299543E4A4
:1075A000049B002B7FF482AEDDE90412C2F31303C7
:1075B000002B00F04B810C917AE62046716800F0B8
:1075C00095F90546002800F08081336906F10C0129
:1075D00002339A000C30F9F7D5F9012229462046EA
:1075E00000F0B0FB804690E5029C02460B46F8F79F
:1075F000B5FDDDE90423089F824601378B463E46F0
:10760000F9F7C6FC48B9DDE9042350465946F9F7B5
:1076100097FC20B118F0010F01D0079AE9E4AB46BE
:10762000FFF7B0BADDE902234FF00209CDE90E23DE
:1076300017E4079B01330E93DDE90256DDE90423CD
:1076400028463146F9F73EFBF9F7C2FC8046F8F7C9
:10765000D1FEDDE90423F9F70BFA02460B46284672
:107660003146F8F779FD079A08F13003BAF1010FB6
:107670000E9D13707FF451AAB7E7089F3546CDF8E9
:1076800024B046460137FFF760BBDDE91601F9F784
:10769000EFF9079BCDE9100183F80080159B012BC2
:1076A00023D0079B159ADDF8388003EB02090022EE
:1076B0002F4B30463946F9F7DBF90F460646F9F706
:1076C00087FC0546F8F796FE02460B4630463946DB
:1076D000F8F742FD303508F8015BC84506460F460D
:1076E000E5D10E9B5D1E159B1D440022DDE910892E
:1076F000204B40464946F8F731FD32463B46F9F704
:1077000029FC002840F0968042464B46002019494B
:10771000F8F722FD32463B46F9F73AFC80B91D9B4B
:10772000002BFFF6EDAD089B0E2B3FF7E9AD1A9B42
:10773000089A03EBC207D7E90023CDE904237BE7CE
:1077400015F8013CAB46302B05F1FF35F8D01B9FF7
:107750000137FFF717BA0B9E002E7FF458AE5EE696
:1077600000001C40000014404099000818990008CF
:10777000000024400000E03FDDE902234FF0020951
:10778000CDE90E23FFF787BBBAF1000F3FF475AECA
:10779000149D002D7FF766AC089B3046013B3946AF
:1077A00000221B934C4BF9F763F902460F4616462D
:1077B00009F10100CDE90E67F8F71CFE32463B46A1
:1077C000F9F756F90022454BF8F7C8FC159506461F
:1077D000A1F15077FFF782BB3123013610E4AA46AE
:1077E0003923089F3546079A464601370AF8013B78
:1077F000FFF7BCBA3123DDF81CB0002120460BF89E
:10780000013B00F099F8089F0237FFF7BBB9CDF8AC
:1078100024B0F3E4002240F2AF11314B314800F0C4
:1078200069FE002BCDF824B03FF7D6ACE6E40E9C01
:10783000AB468CE71B9E079A0136FFF7DABB7FF455
:10784000DDAC19F0010F7FF4D3ACD7E4059B23F036
:1078500000431B0D1B05002B3FF429AD012301350F
:107860000BF1010B0C9323E5129B2BBB01239A46D2
:107870001493299344E5B9F1390FCDF824B0AED073
:10788000002F3FF7B9ACB9E45346FFF7DDB9289AAA
:10789000022A03DC9A46089FFFF72FBA0895DDF805
:1078A00050A0D8E4289A0895022AF8DC9A461EE4EB
:1078B0000021E163FFF7A9BA129B9A46299314931A
:1078C0003AE5094B0793FFF735B8024640F2EF213E
:1078D000034B044800F00EFE0000244000001C4052
:1078E000A8970008BC9700089897000838B5436C23
:1078F00005460C464BB153F8240080B1026843F8AA
:1079000024200023C0E9033338BD2122042100F0E4
:1079100011FE034668640028EDD1002038BD012126
:10792000284601FA04F56A1D920000F003FE0028C3
:10793000F3D0C0E90145E4E731B1436C4A6853F83C
:107940002200086043F82210704700BF2DE9F04183
:107950004FF0000E0E461C460D69074601F114005B
:1079600001680EF1010E8BB202FB0343090C4FEAD2
:10797000134C02FB01CC9BB203EB0C43754540F862
:10798000043B4FEA1C44EBDC3CB1B368AB4207DD7F
:1079900006EB850301355C6135613046BDE8F08159
:1079A000716838460131FFF7A1FF8046A8B13269FE
:1079B00006F10C01023292000C30F8F7E3FF7B6C09
:1079C000726853F82210316043F82260464606EB95
:1079D000850301355C613561DFE70246BA21024B60
:1079E000024800F087FD00BFA8970008149800081F
:1079F000B0F5803F03463ABF102083400020B3F12A
:107A0000807F3CBF1B020830B3F1805F06D3B3F127
:107A1000804F0FD29A0012D4033070471A01B2F18E
:107A2000804F00F1040006D29B0108D45B00F3D420
:107A3000202070471A46002AFBDB013070470230D5
:107A4000704700BF03680246590709D0D8071FD402
:107A500099074BBF5B089B08012002201360704709
:107A600099B279B91B0CD9B2A1B11020190701D173
:107A700004301B09990712D0D90701D401305B08E3
:107A800013607047D9B241B1180714D10420F0E750
:107A90000020704718201B0AE8E70820FBE713F0D6
:107AA000040F4FEA930102D00B460230E8E7DB08EF
:107AB00004D1202070470320C340E1E70330DFE713
:107AC00038B5436C04460D464BB15868B0B10268F6
:107AD0005A60002201234561C0E9032338BD2122F9
:107AE000042100F027FD034660640028EDD1002248
:107AF00040F24511074B084800F0FCFC1C22012114
:107B0000204600F017FD0028F1D001220223C0E931
:107B10000123DEE7A8970008149800082DE9F04F2C
:107B2000D1F8108015690E46A845924685B005DB50
:107B30002A46534645468A4690461E46DAF808309D
:107B4000DAF8041005EB0804A342B8BF0131FFF7CF
:107B5000CDFE002800F08A8000F1140707EB840EA8
:107B6000774505D23B46002243F8042B9E45FBD8BF
:107B7000143606EB88080AF11409464509EB850519
:107B800067D2A5EB0A03153B0AF1150A23F003039C
:107B9000AA4594BF9B464FF0000BCDF808E0824603
:107BA000AE46039405E0090C2BD1B04507F104075C
:107BB0004CD956F8041B8DB2002DF4D0CC463C466F
:107BC000002301965CF8040B216886B28AB205FB9B
:107BD0000622000C090C05FB00111A4401EB1241AE
:107BE00092B242EA0142E64544F8042B4FEA1143BF
:107BF000E8D8019E07EB0B02536056F8041C090CF1
:107C0000D3D000223B6848461D463C469446028835
:107C10009BB201FB02C202EB154243EA024344F865
:107C2000043B50F8043B25684FEA134CABB201FB10
:107C30000C33864503EB12434FEA134CE7D807EBAE
:107C40000B02B045536007F10407B2D8DDE902E446
:107C50005046002C02DC05E0013C03D05EF8043DF8
:107C6000002BF9D0046105B0BDE8F08F02464FF457
:107C7000B171024B024800F03DFC00BFA89700081C
:107C80001498000812F003032DE9F041144607464A
:107C900032D10E46A4102CD03D6C002D35D004F00E
:107CA00001034FF0000864103BB92868B8B10546DD
:107CB00004F001036410002BF7D02A463146384601
:107CC000FFF72CFF36B17B6C716853F821203260CE
:107CD00043F8216074B1064628680028E7D12A4697
:107CE00029463846FFF71AFF28600546C0F800808D
:107CF000DEE73046BDE8F0810F4A013B52F8232011
:107D00000023FFF723FE0646C4E701213846FFF7AC
:107D1000EDFD054640B140F271230122C0E9042384
:107D2000002338640360BAE7024640F24511034B72
:107D3000034800F0DFFB00BF0C990008A89700087B
:107D4000149800082DE9F0470C462769A36807EB53
:107D500062177D1C9D429046064649684FEA6219AB
:107D600004DD5B009D4201F10101FADC3046FFF7C2
:107D7000BDFD00284ED0B9F1000F00F114010CDD5B
:107D80000B464FF0000C09F1050200EB820243F8AC
:107D900004CB9342FBD101EB8901226904F1140366
:107DA00018F01F0803EB820C2CD08E464FF0000A0F
:107DB000C8F120091A6802FA08F242EA0A024EF8EB
:107DC000042B53F8042B9C4522FA09FAF2D8ACEBA9
:107DD0000403153B23F0030304F11502944538BF57
:107DE0000023043341F803A0BAF1000F00D13D464F
:107DF000736C6268056153F82210216043F82240D9
:107E0000BDE8F087043953F8042B9C4541F8042F52
:107E1000F9D8ECE702464FF4EF71024B024800F04C
:107E200069FB00BFA89700081498000884460B69F6
:107E30000069C01A15D10CF1140C14310CEB83023B
:107E400010B401EB830301E0944508D252F8044DCD
:107E500053F8041D8C42F7D004D24FF0FF3010BC11
:107E600070477047012010BC704700BF2DE9F04FEC
:107E700013690D698946ED1A002D144683B012D19D
:107E800001F11407143202EB830207EB830301E0D4
:107E90009F427BD253F8046D52F8041D8E42F7D0F6
:107EA0007FD2012503E0FCDB00250C46914661688A
:107EB000FFF71CFD00287FD000F1140188464FF029
:107EC000000C2769D9F8103004F1140BC56009F1D2
:107ED000140504F1100205EB830A0BEB870ECDF8B5
:107EE00004B055F8044B52F8046F1FFA84FBB3B288
:107EF000A3EB0B03240C6344C4EB164404EB2344B0
:107F00009BB243EA0443AA4548F8043B4FEA244C99
:107F1000E7D8AAEB0902153A22F0030209F1150984
:107F2000CA4538BF0022DDF804B00BEB020504356A
:107F30000A44AE452C4602F104061DD9A1EB0B0103
:107F4000E24604EB010954F8042B93B263444FEA70
:107F5000124808EB234802EB0A039BB243EA0843AA
:107F6000A6454FEA284CC9F80030E9D80EF1FF3297
:107F7000521B22F00302324423B952F8043D013F60
:107F8000002BFAD0076103B0BDE8F08F0021FFF7A6
:107F9000ADFC50B101220023C0E9042303B0BDE8C9
:107FA000F08F23464C46994681E7024640F237213E
:107FB000054B064800F09EFA024640F24521024B6E
:107FC000024800F097FA00BFA8970008149800082C
:107FD000F0B5012183B016461F46FFF787FC054622
:107FE000002845D0C7F30A54C7F313030CB143F478
:107FF0008013002E019314D101A8FFF723FD012166
:10800000019B20306B61296114B3089BA4F23344B7
:1080100004441C60099BC0F135001860284603B079
:10802000F0BD68460096FFF70DFDDDE9002330B195
:10803000C0F1200103FA01F1C3400A430193002B70
:108040000CBF012102216A61AB612961002CDCD1E6
:1080500005EB8102A0F232431069089A1360FFF722
:10806000C7FC099BC0EB41101860284603B0F0BD67
:10807000024640F20F31024B024800F03BFA00BFCB
:10808000A8970008149800082DE9F84F1646002913
:1080900000F098800C46804606F10B05FBF75AFD70
:1080A00054F8041C162DA4F1080921F0030758D830
:1080B0001025AE4258D8AF4262DAC04B09EB070C2C
:1080C0009A68DCF80400624500F0928020F0010319
:1080D00063445B68DB076AD420F003003B189D42D1
:1080E00049DDCB0712D454F8083CA9EB030BDBF8AD
:1080F000043023F00302104400EB070A554540F317
:10810000F88007EB020A554540F3CE8031464046E1
:10811000FBF762FA0646002800F0238154F8043C7D
:10812000A0F1080223F001034B44934200F0B68013
:108130003A1F242A00F2D980132A00F2A4800346B1
:108140002246116819605168596092689A60214608
:108150004046FBF74DF94046FBF702FD3046BDE8CF
:10816000F88F35F00705A4D50C23C8F80030002699
:108170003046BDE8F88F1F46DCE90223D3609A60E1
:10818000D9F804307A1B0F2A03F0010309EB07002A
:108190001DD83B43C9F80430436843F001034360F2
:1081A0004046FBF7DDFC26463046BDE8F88FC907A0
:1081B000ACD454F8083CA9EB030BDBF8043023F0F3
:1081C00003029EE71146BDE8F84FFBF705BA2B43C3
:1081D00009EB050142F00102C9F804304A60436826
:1081E000083143F0010343604046FBF701F9D7E74C
:1081F00020F00300C21905F1100C624580F2928054
:10820000CA0783D454F8082CA9EB020BDBF804202E
:1082100022F00302104400EB070AD4453FF771AF88
:108220005E46DBF80C1056F8080F3A1F242AC1608E
:10823000886000F2B080132A40F2AB8021681B2ACC
:10824000CBF808106168CBF80C1000F2AA80083453
:108250000BF110022168116061685160A1689160A2
:10826000AAEB05020BEB050142F0010299604A609E
:10827000DBF80430404603F001032B43CBF8043015
:10828000FBF76EFC90E723681B2A0360636843607A
:108290003DD804F1080200F1080352E750F8043C0D
:1082A00023F003031F446BE75E463A1FDBF80C30F4
:1082B00056F8081F242ACB60996023D8132A1FD9A7
:1082C00023681B2ACBF808306368CBF80C303CD805
:1082D00008340BF1100322681A6062685A60A268C1
:1082E0009A6034465746D9464AE72146FEF75EF87B
:1082F0002DE7DCE902135E46CB603A1F9960D5E7B3
:108300003346E8E721463046FEF750F8E9E7A36830
:10831000242A8360E368C36027D004F1100200F1CF
:1083200010030EE7521B09EB050142F001029960B0
:108330004A6054F8043C404603F001032B4344F8E0
:10834000043CFBF70DFC26462EE7A368242ACBF855
:108350001030E368CBF8143010D010340BF1180350
:10836000B9E74046FBF7FCFB01E7236904F118027B
:1083700003616369436100F11803E2E6236918347D
:10838000CBF8183054F8043CCBF81C300BF1200328
:10839000A1E732465EE721463046FEF707F8074B75
:1083A0005EE7A168242ACBF81010E168CBF814101E
:1083B00006D010340BF118024CE700BF500100202A
:1083C00022691834CBF8182054F8042CCBF81C2060
:1083D0000BF120023EE700BF70B5B1F90C300C463E
:1083E000990796B007D5012204F14303C4E904328A
:1083F000236016B070BDB4F90E10054600292BDBC2
:108400006A4600F051F8002824DB4FF480612846CA
:10841000019EFBF7E1F8B4F90C30A0B34FF4806291
:1084200006F4704643F08003B6F5005FA381206038
:108430002061626135D12846B4F90E1000F048F889
:10844000B4F90C3068B323F003034FF4006243F037
:10845000010314E0B4F90C3013F0800F0CBF4FF49B
:108460008066402628463146FBF7B6F8B4F90C3052
:1084700048B10022C4E9040643F08003206013439E
:10848000A38116B070BD9A05B3D4012123F0030374
:1084900004F1430243F00203C4E90421A3812260F2
:1084A000A7E74FF40062EAE770B50026074D0446DF
:1084B000084611462E60F9F774F8431C00D070BDD1
:1084C0002B68002BFBD0236070BD00BF100900207B
:1084D000002238B5064D044608462A60F9F766F8CA
:1084E000431C00D038BD2B68002BFBD0236038BD67
:1084F00010090020144600B51A460A4B0D461B68A9
:1085000085B0DE6803464CB1074901913046074902
:108510000294009500F068F801F0B0F804490C46A8
:10852000F3E700BF1800002080980008909800082A
:108530008C98000838B5A1FB021454BBFBF74CF82B
:10854000054650B350F8042C22F00302043A242AC2
:1085500010D8132A13D91B2AC0E9004416D9242A9B
:10856000C0E902440ABFC0E9044400F1100200F16E
:10857000180205E02146FAF7F7FD284638BD024605
:1085800000232846C2E90033936038BD00F1080299
:10859000F6E7FAF78BFE0C2303600025284638BD6A
:1085A00082B049B15AB16BB113780B601278101ECA
:1085B00018BF012002B0704701A9002AF3D110466C
:1085C00002B070476FF00100F4E700BF034649B105
:1085D000FF2A02D801200A7070478A224FF0FF302C
:1085E0001A607047084670470EB400B5074A82B05B
:1085F00003AB0146106853F8042B019300F008F810
:1086000002B05DF804EB03B0704700BF1800002013
:108610002DE9F04FBBB01C461646CDE9063002915D
:1086200018B1436B002B00F0A086029B596EB3F982
:108630000C20CB0740F1E884970400F18685029B6B
:1086400042F4005221F400519A81596612B2130784
:1086500040F1B684029B1B69002B00F0B18402F04C
:108660001A030A2B00F0BB8411AB0E930023CDE953
:108670000F33CDE908330DF1440B0A9304930196AF
:10868000019B1B78002B00F0F080019C04E014F8A3
:10869000013F002B00F07B83252BF8D1019BE51ACD
:1086A00040F079832378002B00F0DF804FF0000347
:1086B0004FF000094FF0FF3A8DF83330CDF80C90B1
:1086C000637801340134A3F120025A2A5CD8DFE830
:1086D00012F034035B005B0030035B005B005B0067
:1086E00012035B005B00F2000D035B0072014203AA
:1086F0005B003E03E200E200E200E200E200E20092
:10870000E200E200E2005B005B005B005B005B00FC
:108710005B005B005B005B00FF00C5015B005B0072
:108720005B005B005B005B005B005B005B005B0071
:1087300080015B005B005B004B015B00D4025B00CF
:108740005B008C055B005B005B005B005B005B001B
:108750005B005B005B005B00FF000E015B005B00E9
:108760005B00A7020E01FB005B0076015B00C50207
:10877000B1025702FB005B004B01F900EC025B0009
:108780005B00B2055B00F9000194002B6DD08DF801
:108790008430002301279A46059721AC8DF83330A9
:1087A00019F08408DDE90F0C614602462AD1039BCB
:1087B000DD1B002D00F355849DF8333033B34FF0AB
:1087C00000084646012001320131CBF80400072A97
:1087D0000DF13300CDE90F21CBF8000000F39683B3
:1087E0000BF1080B76B1022301320231CBF80430D1
:1087F000072A0DABCDE90F21CBF8003000F39383AE
:108800000BF1080BB8F1800F00F0DC82059BAAEB9E
:108810000305002D00F31D83059B01321944072A2F
:10882000CDE90F21CBF80040CBF8043000F34E83A4
:108830000BF1080B19F0040F04D0039BDC1B002C78
:1088400000F37E83DDE90323BA42ACBF9B18DB193A
:108850000493002940F0468300230F93019B0DF100
:10886000440B1B78002B7FF410AF109B002B40F0C3
:10887000788600230F93029B5A6EB3F90C30D10710
:1088800002D49A0540F169855B0600F1E6830498FD
:108890003BB0BDE8F08FA3F130020023194614F875
:1088A000013B01EB810102EB4101A3F13002092AF6
:1088B000F5D9039107E7069B53F8042B002A03928E
:1088C000069375DB2378FDE6237849F02009F9E665
:1088D00000220127069B92468DF8332053F8042B83
:1088E0000194059721AC8DF88420069358E719F080
:1088F000200F019400F04E84069B073323F00703FA
:108900001A465B6852F8085B1F460692002BC0F2BD
:10891000B780BAF1000F05DB55EA070329F080099B
:1089200000F0A8840A2D77F1000380F0BA8005F1E9
:108930003003DBB257468DF8E7309DF83330012F16
:10894000B8BF0127002B00F0EA830123013705930C
:108950000DF1E70419F08408DDE90F218C4610467B
:108960003FF425AF00262DE74FF00008069D019447
:1089700055F8044B8DF83380002C00F00D85BAF1CA
:10898000000FC0F27E84524641462046FDF714FE99
:108990009DF83330002800F0D385021B059222EAAF
:1089A000E2770695002B00F07884C2460137D1E7C4
:1089B000039B5B420393237849F0040982E6237802
:1089C0006C2B03BF637849F02009013449F010098A
:1089D00078E619F0200F019449F0100700F0D383D6
:1089E000069B073323F00703596853F8082B0693B7
:1089F00000239A458DF83330C0F28E8352EA01038A
:108A000027F4906900F091833AAC02F00700D20895
:108A100042EA4172C908303052EA0105234604F89F
:108A2000010DF2D119F0010F00F0FF82302800F0A3
:108A3000FC823022023B04F8012C3AAAD51AAA453E
:108A40005746B8BF2F46DDE90F2119F084088C4640
:108A5000104640F096851C460595A8E619F0200FB3
:108A6000019449F0100240F07883069B0433069984
:108A700006930D689146EF173B46002BBFF649AFB2
:108A80002D236D4267EB4707BAF1000F8DF83330A5
:108A9000FFF648AF0A2D77F1000329F08009FFF4B3
:108AA00046AF09F48066CDF82C900020DFF80C83E7
:108AB000DDF820903AA9CDF814A023E0EB1943F19A
:108AC0000003A8FB032C2CF0030202EB9C029B1A70
:108AD0004FF0CC32AA46BE46EB1A02FB03F267F116
:108AE000000708FB0722A3FB0853BAF10A0F13443F
:108AF0004FEA55057EF1000E214645EAC3754FEA5F
:108B0000530729D3EB1943F10003A8FB032C2CF0E6
:108B1000030202EB9C029B1AEB1AA3FB083267F1DB
:108B2000000C08FB0C225B0843EAC27303EB8303CF
:108B3000A5EB4303303301304C1E01F8013C002EFD
:108B4000BCD099F800308342B8D1FF28B6D00A2DA6
:108B500077F1000380F06384DDF814A03AAA121BB9
:108B600052450592B8BF52469DF83330CDF820905B
:108B70001746DDF82C90002B3FF412AE0137E9E6E2
:108B800047F6300300220194069CADF8343054F8C7
:108B9000043B9245114618468DF83320C0F25283AB
:108BA00029F0800242F002090694002B00F0FE83B7
:108BB0000225834A03F00F03D35C8DF8E7300309E5
:108BC00043EA0173080953EA111100F002850DF11F
:108BD000E70403F00F01515C1B0943EA007300092D
:108BE00004F8011D53EA0001F3D13AAB1B1B5345B6
:108BF0000593B8BF53461F46002D00F0EE84DDE913
:108C00000F0C19F084086146024607F102077FF451
:108C1000EAAD039BDD1B002D7FF7E5AD022621E2C7
:108C20002378682B03BF637849F40079013449F055
:108C3000400947E519F0200F019440F0A282069BFD
:108C400019F0100153F8042B40F0C18419F04000D2
:108C500000F0DB834F46069392B2C9E619F0200F6D
:108C6000019400F07D82069B049A1B681A60D2175B
:108C70005A60069B0433069302E519F0200F019415
:108C800049F0100217D1069B043300270699BA4514
:108C900009688DF833700D46C0F2D08222F0800949
:108CA000002900F0A08206933CE619F0200F019401
:108CB00000F082824A46069B073323F007031946D9
:108CC0005F68002351F8085B9A458DF833300691B0
:108CD000C0F2B58255EA070322F080097FF422AE84
:108CE000BAF1000F00F0A182002520E62B238DF8B9
:108CF00033302378E6E4079E3046FDF725FC4368D1
:108D000018460A93FDF798FC099005463046FDF792
:108D10001BFC816823780891002D3FF4D3AC002917
:108D20003FF4D0AC0A78002A3FF4CCAC49F4806917
:108D3000C8E4237849F00109C4E49DF8332023787E
:108D4000002A7FF4BFAC20228DF83320BAE42378C8
:108D500049F08009B6E4214611F8013B2A2B00F0C6
:108D60001F84A3F13002092A98BF4FF0000A00F2D5
:108D7000F38311F8013B0AEB8A0A02EB4A0AA3F1DA
:108D80003002092AF5D90C464AEAEA7A9BE4019BAB
:108D9000E51A3FF46AAD019BCBE90035109B2B44EB
:108DA00010930F9B0133072B0F9300F3A4800BF15B
:108DB000080B049B2B44049374E400BFCDCCCCCCB3
:108DC00064970008039BDD1B002D7FF71FAD102D5E
:108DD00040F3D483DFF8AC8258464346CB46B846CE
:108DE000A14610261F46079C04E0103D102D00F1FF
:108DF000080015DD01321031072AC0E90076CDE9FF
:108E00000F21F2DD204602990EAAFCF7B7FF0028D9
:108E10007FF431ADDDE90F21103D102D11A8E9DC03
:108E20003B464C464746D94698468346013229443C
:108E3000072ACDE90F21CBF80080CBF8045000F3CE
:108E40009882059B0BF1080BAAEB0305002D7FF719
:108E5000E3AC102DDFF82C822ADD5B464FF0100AC0
:108E6000AB46079E2546029C06E0ABF1100BBBF11A
:108E7000100F03F1080318DD013282481031072A70
:108E8000C3E9000ACDE90F21EFDD214630460EAAE5
:108E9000FCF774FF00287FF4EEACDDE90F21ABF1A5
:108EA000100BBBF1100F11ABE6DC2C465D469B4668
:108EB00001322944072ACDE90F21CBF80080CBF8F5
:108EC000045000F31B810BF1080BA5E402990798ED
:108ED0000EAAFCF753FF00287FF4CDAC10990DF1DA
:108EE000440BA7E4029907980EAAFCF747FF002855
:108EF0003FF4B2ACBFE4029907980EAAFCF73EFF1C
:108F000000287FF4B8AC0DF1440B52E702990798A2
:108F10000EAAFCF733FF00287FF4ADACDDE90F218A
:108F20000DF1440B5EE4029907980EAAFCF726FFA8
:108F300000287FF4A0ACDDE90F210DF1440B61E4C2
:108F4000102C0F9B40F31783DFF83C81102542461D
:108F5000079EB846DDF80890174604E0103C102C38
:108F60000BF1080B16DD01331031072BCBE900752F
:108F7000CDE90F31F2DD494630460EAAFCF7FEFE80
:108F800000287FF478ACDDE90F31103C102C0DF196
:108F9000440BE8DC3A464746904601332144072B10
:108FA000CBE90084CDE90F317FF74CAC02990798EB
:108FB0000EAAFCF7E3FE00287FF45DAC109941E4B3
:108FC000029D07982946FDF773F9002840F0F282C8
:108FD000B5F90C2002F01A030A2B7FF445AB029975
:108FE000B1F90E30002BFFF63FAB4B6EDD0702D41C
:108FF000900540F1A18223463246029907983BB082
:10900000BDE8F04F00F0F8BA900517D593047FF54E
:1090100016AB8F047FF51BAB029B9B899A051CD472
:10902000029B986DFAF776F917E03AAB1B1B534594
:109030000593B8BF53461F46FFF7B2BB029DA86D0C
:10904000FAF766F9B5F90C20696E95047FF5F7AA71
:1090500088047FF5FCAAC907DED54FF0FF330493DF
:1090600015E40026102D614640F37382DFF8188066
:109070005A460B96CB461023A146029E4446DDF885
:109080001C8008E00C9B00081C9B0008103D102D64
:1090900002F1080217DD013010310728C2E9004350
:1090A000CDE90F01F2DD314640460EAAFCF766FE1F
:1090B00000287FF4E0ABDDE90F01103D102D4FF0EB
:1090C000100311AAE7DCA0464C46D94693460B9EF6
:1090D000421C2944072ACDE90F21CBF80080CBF8A8
:1090E000045000F310819DF833000BF1080B80BB96
:1090F000002E3FF48BAB8046FFF775BB02990798B3
:109100000EAAFCF73BFE00287FF4B5ABDDE90F218A
:109110000DF1440BFFF780BB27F4806974E4012351
:109120000DF1E7040593FFF73BBBBAF1000F7FF4A5
:109130006BAC17F0010700F0E180302305978DF844
:10914000E7300DF1E704FFF72BBB8D047FF57FAA15
:1091500083E74FF00008FFF735BB9146FFF7CCBB24
:1091600019F0100F40F0138119F0400F40F0DA8130
:1091700019F4007F00F00B81069B049A1B681A709B
:1091800077E54F462CE4069B0433069A00211268CB
:1091900006932DE4069B19F0100F53F8045B40F082
:1091A000238219F0400F069300F0138145F3C03776
:1091B0003B462DB2FFF7AABB069B19F0100753F8E8
:1091C000042B40F00E8219F0400100F00D81BAF13D
:1091D000000F95B28DF83370FFF665AD29F0800968
:1091E000002D7FF460AD06937AE5CA4A019419F028
:1091F00020016CD00699073121F00701084604468A
:1092000054F8080B4968069419F0010548D050EA53
:10921000010440F08F8000239A458DF83330C0F26E
:109220004B8129F4906940F05C81CDF814A0574639
:109230003AACFFF7B5BAB84A0194D8E7069391461D
:10924000FFF770BB1046B44A03F00F01515C1B09D5
:1092500018BF022549F002098DF8E71006947FF443
:10926000B6AC57460123012FB8BF012705930DF176
:10927000E704C4E4BAF1000F00F028813023FFF7BF
:1092800059BB2046FDF7D8F99DF83330059020EA08
:10929000E0770695002B7FF488AB9A46FFF780BAFB
:1092A000BAF1000F8DF8335020DB50EA010329F4A6
:1092B00090694ED1BAF1000F00F0FA80137857464A
:1092C0008DF8E73001250DF1E703FFF7BCBB069CE5
:1092D00054F8040B069419F0100495D119F04005C8
:1092E00071D0214680B28FE749F0020900F00F03E8
:1092F00009F00205D35C29F480695EE4CDF814A07E
:109300003AACFFF74DBA029907980EAAFCF736FD62
:10931000804600287FF4AFAADDE90F219DF83300D5
:109320000DF1440B00287FF44DAA002E7FF45BAAB8
:10933000FFF76CBA8DF8353030238DF834300023C8
:109340009A458DF83330CFDB022529F4906343F042
:10935000020900F00F03D35C2FE4029CA06DF9F723
:10936000D9FFB4F90C30FFF78FBAF9F755FEFFF7C4
:109370005CB9029907980EAAFCF700FD00287FF45B
:109380007AAADDE90F210DF1440BFFF73FBA069BE6
:10939000049A1B681A606CE45746062F28BF0627FC
:1093A000A24606955D4C0597FFF7FAB9BAF1000F92
:1093B00000F09F8030238DF8E73001235746059356
:1093C0000DF1E7041BE419F400711CBF2946C0B27B
:1093D0001AE719F4007F14BF45F3C017EF173B4697
:1093E00018BF6DB2FFF792BA19F4007740F087808A
:1093F000BAF1000F15468DF83370FFF654AC29F022
:109400008009002A7FF44FACEDE619F4007100F0FA
:109410008F8001464F460693D2B2FFF7E9BA099A08
:109420000A99A4EB020A5046FDF758F899F8013062
:109430000BB109F101094FF0CC310120384AEB1989
:1094400043F10003A2FB034E2EF0030C0CEB9E0C29
:10945000A3EB0C03EB1A03FB01F167F10007A3FB7D
:10946000023502FB0711C340294443EAC17521FAC2
:1094700000F7EB1943F10003A2FB031C2CF00301DE
:1094800001EB9C015B1AEB1AA3FB023167F1000CA4
:1094900002FB0C12C34043EAC27303EB8303A5EB48
:1094A000430330330AF1FF340AF8013CFFF749BBAC
:1094B00057463AABFFF7C7BA13782F468DF8E73017
:1094C00029F480690DF1E703FFF7BDBA9DF8333049
:1094D000CDF814A0002B3FF4AAAE01273AACFFF759
:1094E00039BA137857468DF8E7300DF1E703FFF7E7
:1094F000AABA5746CDF814A03AACFFF780BBBAF130
:10950000000F0F46D5B28DF83310BFF667AEFFF7E8
:10951000CABB00BF78970008649700088C970008C2
:10952000CDCCCCCC069B049A1B681A80FFF7A1BB5C
:109530004F460693FFF75CBA886DF9F7EBFE5AE5E4
:1095400006953BB3CDF814A00AF101078246FFF758
:1095500001BADFF89C80BBE50C464FF0000AFFF72C
:10956000B2B8029907980EAAFCF708FC00283FF44D
:1095700080A9FFF780B9DFF878800EE5DFF8748006
:1095800054E49DF833001C46059500287FF4EAA9B1
:10959000FFF738B95746CDF814A09A46FFF700B93F
:1095A000069A637852F804AB0C4606924AEAEA7AC5
:1095B000FFF788B8029A536EDF073FF54EAD9389E7
:1095C0009E053FF54AAD906DF9F7A4FE45E54F467F
:1095D000DBE50DF1E704FFF708BB2346059DFFF728
:1095E00032BA4A46FFF751BB4A46FFF740BA00BFBE
:1095F0001C9B00080C9B00082DE9F0414FF480658E
:109600000027ADF58D6D1AAECDE905579846074692
:109610000096049616468B8916A823F00203ADF82F
:109620000C304B6E02951993CB890D46ADF80E3078
:10963000CB696C4607934B6A0993F9F765FE32468E
:10964000434669463846FEF7E3FF061E07DB6946D8
:109650003846FCF795FC002818BF4FF0FF36A38969
:109660005B0603D5AB8943F04003AB81A06DF9F7EE
:109670004DFE30460DF58D6DBDE8F081062008B534
:1096800000F004F80120F7F765FF00BF38B5144B70
:109690001F281D681ED8D5F81821044662B152F85B
:1096A00020304BB1012B05D0591C0FD0002142F8BE
:1096B00020109847002038BD284600F027F82246A1
:1096C00001462846BDE8384000F00CB816230120BA
:1096D0002B6038BD16234FF0FF302B6038BD00BF24
:1096E0001800002070B50026074D044608461146B4
:1096F0002E60F7F727FF431C00D070BD2B68002BAE
:10970000FBD0236070BD00BF10090020F7F718BF21
:10971000F8B500BFF8BC08BC9E467047F8B500BF5E
:08972000F8BC08BC9E4670472E
:10972800543D25662C41583D25662C41593D2566FA
:109738002C415A3D25662C47583D25662C47593DF6
:1097480025662C475A3D25660D0A0000494E4600FD
:10975800696E66004E414E006E616E0030313233E4
:109768003435363738396162636465660000000055
:10977800303132333435363738394142434445463F
:1097880000000000286E756C6C2900003000000095
:10979800496E66696E697479000000004E614E007A
:1097A80042616C6C6F63207375636365656465649F
:1097B800000000002F6275696C642F676E752D7448
:1097C8006F6F6C732D666F722D73746D33325F31EA
:1097D800342E332E72656C312E32303235313032C0
:1097E800372D303730302F7372632F6E65776C6981
:1097F800622F6E65776C69622F6C6962632F737470
:10980800646C69622F64746F612E63002F627569DE
:109818006C642F676E752D746F6F6C732D666F7225
:109828002D73746D33325F31342E332E72656C3183
:109838002E32303235313032372D303730302F73C9
:1098480072632F6E65776C69622F6E65776C6962DB
:109858002F6C6962632F7374646C69622F6D707208
:1098680065632E630000000043000000504F534919
:10987800580000002E0000002C2066756E63746985
:109888006F6E3A2000000000617373657274696F2F
:109898006E2022257322206661696C65643A206611
:1098A800696C6520222573222C206C696E65202541
:1098B80064257325730A00000000000001020304F8
:1098C8000000000000000000010203040607080968
:1098D8000102000002030405060708090A0B0C0D23
:1098E8000E0F1010303030303030303030303030F3
:1098F8003030303020202020202020202020202020
:109908002020202005000000190000007D00000034
:109918000080E03779C34143176E05B5B5B8934663
:10992800F5F93FE9034F384D321D30F94877825A2F
:109938003CBF737FDD4F1575000000000000F03F4D
:109948000000000000002440000000000000594012
:109958000000000000408F40000000000088C34065
:1099680000000000006AF8400000000080842E41DA
:1099780000000000D01263410000000084D7974126
:109988000000000065CDCD41000000205FA002422C
:10999800000000E876483742000000A2941A6D42A1
:1099A800000040E59C30A2420000901EC4BCD64294
:1099B80000003426F56B0C430080E03779C341433F
:1099C80000A0D8855734764300C84E676DC1AB43B5
:1099D800003D9160E458E143408CB5781DAF1544D3
:1099E80050EFE2D6E41A4B4492D54D06CFF08044AE
:1099F800F64AE1C7022DB544B49DD9794378EA44C3
:109A08000020202020202020202028282828282046
:109A1800202020202020202020202020202020203E
:109A280020881010101010101010101010101010A6
:109A38001004040404040404040404101010101096
:109A48001010414141414141010101010101010160
:109A580001010101010101010101010110101010B2
:109A68001010424242424242020202020202020232
:109A78000202020202020202020202021010101086
:109A880020000000000000000000000000000000AE
:109A980000000000000000000000000000000000BE
:109AA80000000000000000000000000000000000AE
:109AB800000000000000000000000000000000009E
:109AC800000000000000000000000000000000008E
:109AD800000000000000000000000000000000007E
:109AE800000000000000000000000000000000006E
:109AF800000000000000000000000000000000005E
:109B0800000000003030303030303030303030300D
:109B180030303030202020202020202020202020FD
:049B280020202020B9
:089B2C00586EFF7F01000000EC
:089B3400193300083501000897
:049B3C00110100080B
:109B400000127A0001000000100000000000000078
:109B500003000000D40700202000002000000000C7
:109B600000000000D40700203C080020A4080020CA
:109B700000000000000000000000000000000000E5
:109B800000000000000000000000000000000000D5
:109B900000000000000000000000000000000000C5
:109BA00000000000000000000000000000000000B5
:109BB00000000000000000000000000000000000A5
:109BC0000000000000000000000000000000000095
:109BD0000000000000000000000000000000000085
:109BE0000000000000000000000000000000000075
:109BF0000000000000000000010000000000000064
:109C00000E33CDAB34126DE6ECDE05000B00000028
:109C10000000000000000000000000000000000044
:109C20000000000000000000000000000000000034
:109C30000000000000000000000000000000000024
:109C40000000000000000000000000000000000014
:109C50000000000000000000000000000000000004
:109C600000000000000000000000000000000000F4
:109C700000000000000000000000000000000000E4
:109C800018090020FFFFFFFF000002000000000095
:109C900000000000000000005001002050010020E2
:109CA00058010020580100206001002060010020C0
:109CB0006801002068010020700100207001002070
:109CC0007801002078010020800100208001002020
:109CD00088010020880100209001002090010020D0
:109CE0009801002098010020A0010020A001002080
:109CF000A8010020A8010020B0010020B001002030
:109D0000B8010020B8010020C0010020C0010020DF
:109D1000C8010020C8010020D0010020D00100208F
:109D2000D8010020D8010020E0010020E00100203F
:109D3000E8010020E8010020F0010020F0010020EF
:109D4000F8010020F801002000020020000200209D
:109D5000080200200802002010020020100200204B
:109D600018020020180200202002002020020020FB
:109D700028020020280200203002002030020020AB
:109D8000380200203802002040020020400200205B
:109D9000480200204802002050020020500200200B
:109DA00058020020580200206002002060020020BB
:109DB000680200206802002070020020700200206B
:109DC000780200207802002080020020800200201B
:109DD00088020020880200209002002090020020CB
:109DE0009802002098020020A0020020A00200207B
:109DF000A8020020A8020020B0020020B00200202B
:109E0000B8020020B8020020C0020020C0020020DA
:109E1000C8020020C8020020D0020020D00200208A
:109E2000D8020020D8020020E0020020E00200203A
:109E3000E8020020E8020020F0020020F0020020EA
:109E4000F8020020F8020020000300200003002098
:109E50000803002008030020100300201003002046
:109E600018030020180300202003002020030020F6
:109E700028030020280300203003002030030020A6
:109E80003803002038030020400300204003002056
:109E90004803002048030020500300205003002006
:109EA00058030020580300206003002060030020B6
:109EB0006803002068030020700300207003002066
:109EC0007803002078030020800300208003002016
:109ED00088030020880300209003002090030020C6
:109EE0009803002098030020A0030020A003002076
:109EF000A8030020A8030020B0030020B003002026
:109F0000B8030020B8030020C0030020C0030020D5
:109F1000C8030020C8030020D0030020D003002085
:109F2000D8030020D8030020E0030020E003002035
:109F3000E8030020E8030020F0030020F0030020E5
:109F4000F8030020F8030020000400200004002093
:109F50000804002008040020100400201004002041
:109F600018040020180400202004002020040020F1
:109F700028040020280400203004002030040020A1
:109F80003804002038040020400400204004002051
:109F90004804002048040020500400205004002001
:109FA00058040020580400206004002060040020B1
:109FB0006804002068040020700400207004002061
:109FC0007804002078040020800400208004002011
:109FD00088040020880400209004002090040020C1
:109FE0009804002098040020A0040020A004002071
:109FF000A8040020A8040020B0040020B004002021
:10A00000B8040020B8040020C0040020C0040020D0
:10A01000C8040020C8040020D0040020D004002080
:10A02000D8040020D8040020E0040020E004002030
:10A03000E8040020E8040020F0040020F0040020E0
:10A04000F8040020F804002000050020000500208E
:10A05000080500200805002010050020100500203C
:10A0600018050020180500202005002020050020EC
:10A07000280500202805002030050020300500209C
:10A08000380500203805002040050020400500204C
:10A0900048050020480500204300000000000000A3
:10A0A00000000000000000000000000000000000B0
:10A0B000000000000000000043000000000000005D
:10A0C0000000000000000000000000000000000090
:10A0D000000000000000000043000000000000003D
:10A0E0000000000000000000000000000000000070
:10A0F000000000000000000043000000000000001D
:10A10000000000000000000000000000000000004F
:10A1100000000000000000004300000000000000FC
:10A12000000000000000000000000000000000002F
:10A1300000000000000000004300000000000000DC
:10A14000000000000000000000000000000000000F
:10A1500000000000000000004300000000000000BC
:10A1600000000000000000000000000000000000EF
:10A170000000000000000000CD850008A185000857
:10A1800000000000089A00087C9800088C980008DD
:10A190008C9800088C9800088C9800088C9800080F
:10A1A0008C9800088C9800088C9800088C980008FF
:10A1B000FFFFFFFFFFFFFFFFFFFFFFFFFFFF0000AD
:10A1C0000100415343494900000000000000000025
:10A1D000000000000000000000000000000000007F
:10A1E0000000415343494900000000000000000006
:10A1F000000000000000000000000000000000005F
:04A20000000000005A
:040000050800175D7B
:00000001FF
